[{"source":"/var/www/dnmp/logs/nginx/nginx.error.log","offset":765,"timestamp":"2019-12-11T16:56:42.251348512+08:00","ttl":-1,"type":"log","meta":null,"FileStateOS":{"inode":9837565,"device":2049}},{"source":"/var/www/dnmp/logs/nginx/nginx.localhost.error.log","offset":257,"timestamp":"2019-12-11T16:56:42.273430367+08:00","ttl":-1,"type":"log","meta":null,"FileStateOS":{"inode":9837566,"device":2049}},{"source":"/var/www/dnmp/logs/nginx/api_access.log","offset":89849,"timestamp":"2019-12-11T17:17:10.430653271+08:00","ttl":-1,"type":"log","meta":null,"FileStateOS":{"inode":9837836,"device":2049}},{"source":"/var/www/dnmp/logs/nginx/api_error.log","offset":5013,"timestamp":"2019-12-11T16:56:42.304513794+08:00","ttl":-1,"type":"log","meta":null,"FileStateOS":{"inode":9837843,"device":2049}},{"source":"/var/www/dnmp/logs/nginx/error.log","offset":834,"timestamp":"2019-12-11T16:56:42.33707228+08:00","ttl":-1,"type":"log","meta":null,"FileStateOS":{"inode":9837564,"device":2049}},{"source":"/var/log/syslog.1","offset":1656230,"timestamp":"2019-12-11T16:56:42.083036712+08:00","ttl":-1,"type":"log","meta":null,"FileStateOS":{"inode":8654825,"device":2049}},{"source":"/var/log/syslog","offset":908408,"timestamp":"2019-12-11T17:17:16.803889415+08:00","ttl":-1,"type":"log","meta":null,"FileStateOS":{"inode":8650985,"device":2049}},{"source":"/var/log/auth.log","offset":7016080,"timestamp":"2019-12-11T17:17:22.885515449+08:00","ttl":-1,"type":"log","meta":null,"FileStateOS":{"inode":8658689,"device":2049}},{"source":"/var/log/auth.log.1","offset":15618186,"timestamp":"2019-12-11T16:56:42.065604872+08:00","ttl":-1,"type":"log","meta":null,"FileStateOS":{"inode":8656281,"device":2049}},{"source":"/var/www/dnmp/logs/php/fpm.slow.log","offset":14064,"timestamp":"2019-12-11T17:03:41.671155315+08:00","ttl":-1,"type":"log","meta":null,"FileStateOS":{"inode":9837567,"device":2049}},{"source":"/var/www/dnmp/logs/php/php.error.log","offset":263663,"timestamp":"2019-12-11T16:56:41.67210994+08:00","ttl":-1,"type":"log","meta":null,"FileStateOS":{"inode":9837804,"device":2049}}]
