{
    "objects": [
        {
            "attributes": {
                "description": "Autonomous systems Netflow", 
                "hits": 0, 
                "kibanaSavedObjectMeta": {
                    "searchSourceJSON": "{\"filter\": [{\"query\": {\"match\": {\"input.type\": {\"query\": \"netflow\", \"type\": \"phrase\"}}}, \"meta\": {\"indexRefName\": \"kibanaSavedObjectMeta.searchSourceJSON.filter[0].meta.index\", \"value\": \"netflow\", \"disabled\": false, \"alias\": null, \"params\": {\"query\": \"netflow\"}, \"key\": \"input.type\", \"negate\": false, \"type\": \"phrase\"}, \"$state\": {\"store\": \"globalState\"}}], \"version\": true, \"highlightAll\": true}"
                }, 
                "optionsJSON": "{\"darkTheme\": false}", 
                "panelsJSON": "[{\"size_x\": 12, \"size_y\": 1, \"panelRefName\": \"panel_0\", \"panelIndex\": 1, \"col\": 1, \"row\": 1}, {\"size_x\": 6, \"size_y\": 2, \"panelRefName\": \"panel_1\", \"panelIndex\": 2, \"col\": 7, \"row\": 4}, {\"size_x\": 6, \"size_y\": 2, \"panelRefName\": \"panel_2\", \"panelIndex\": 3, \"col\": 7, \"row\": 6}, {\"size_x\": 6, \"size_y\": 2, \"panelRefName\": \"panel_3\", \"panelIndex\": 4, \"col\": 1, \"row\": 4}, {\"size_x\": 6, \"size_y\": 2, \"panelRefName\": \"panel_4\", \"panelIndex\": 5, \"col\": 1, \"row\": 6}, {\"size_x\": 4, \"size_y\": 2, \"panelRefName\": \"panel_5\", \"panelIndex\": 6, \"col\": 1, \"row\": 2}, {\"size_x\": 4, \"size_y\": 2, \"panelRefName\": \"panel_6\", \"panelIndex\": 7, \"col\": 5, \"row\": 2}, {\"size_x\": 4, \"size_y\": 2, \"panelRefName\": \"panel_7\", \"panelIndex\": 8, \"col\": 9, \"row\": 2}]", 
                "timeRestore": false, 
                "title": "[Filebeat Netflow] Autonomous Systems", 
                "uiStateJSON": "{}", 
                "version": 1
            }, 
            "id": "c64665f9-d222-421e-90b0-c7310d944b8a", 
            "migrationVersion": {
                "dashboard": "7.0.0"
            }, 
            "references": [
                {
                    "id": "filebeat-*", 
                    "name": "kibanaSavedObjectMeta.searchSourceJSON.filter[0].meta.index", 
                    "type": "index-pattern"
                }, 
                {
                    "id": "d4e6520a-9ced-47c9-a8f2-7246e8cbd2d3", 
                    "name": "panel_0", 
                    "type": "visualization"
                }, 
                {
                    "id": "12aad647-c45d-4667-a029-152c1a97cbbc", 
                    "name": "panel_1", 
                    "type": "visualization"
                }, 
                {
                    "id": "d27b5d74-b3b4-4311-a0e6-08ff8f4345df", 
                    "name": "panel_2", 
                    "type": "visualization"
                }, 
                {
                    "id": "751ecb6f-11c3-458d-b039-f6d57a6379fa", 
                    "name": "panel_3", 
                    "type": "visualization"
                }, 
                {
                    "id": "f75063c7-48b7-4de4-b8cb-d07eb2cea0e9", 
                    "name": "panel_4", 
                    "type": "visualization"
                }, 
                {
                    "id": "f7808e70-df2a-4532-a350-966704567c24", 
                    "name": "panel_5", 
                    "type": "visualization"
                }, 
                {
                    "id": "aed09724-0a69-4331-84f5-3d2067c43930", 
                    "name": "panel_6", 
                    "type": "visualization"
                }, 
                {
                    "id": "f531f957-e8c0-497a-ad41-ef39c2d29671", 
                    "name": "panel_7", 
                    "type": "visualization"
                }
            ], 
            "type": "dashboard", 
            "updated_at": "2019-07-11T04:44:31.601Z", 
            "version": "WzM0MDMsMV0="
        }, 
        {
            "attributes": {
                "description": "", 
                "kibanaSavedObjectMeta": {
                    "searchSourceJSON": "{\"filter\": [], \"query\": {\"query_string\": {\"analyze_wildcard\": true, \"query\": \"*\"}}}"
                }, 
                "title": "Dashboard Navigation [Filebeat Netflow]", 
                "uiStateJSON": "{}", 
                "version": 1, 
                "visState": "{\"type\": \"markdown\", \"listeners\": {}, \"params\": {\"markdown\": \"[Overview](#/dashboard/34e26884-161a-4448-9556-43b5bf2f62a2) | [Conversation Partners](#/dashboard/acd7a630-0c71-4840-bc9e-4a3801374a32) | [Traffic Analysis](#/dashboard/38012abe-c611-4124-8497-381fcd85acc8) | [Top-N](#/dashboard/14387a13-53bc-43a4-b9cd-63977aa8d87c) | [Geo Location](#/dashboard/77326664-23be-4bf1-a126-6d7e60cfc024) | [Autonomous Systems](#/dashboard/c64665f9-d222-421e-90b0-c7310d944b8a) | [Flow Exporters](#/dashboard/feebb4e6-b13e-4e4e-b9fc-d3a178276425) | [Raw Flow Records](#/dashboard/94972700-de4a-4272-9143-2fa8d4981365)\\n***\"}, \"aggs\": [], \"title\": \"Dashboard Navigation [Filebeat Netflow]\"}"
            }, 
            "id": "d4e6520a-9ced-47c9-a8f2-7246e8cbd2d3", 
            "migrationVersion": {
                "visualization": "7.2.0"
            }, 
            "references": [], 
            "type": "visualization", 
            "updated_at": "2019-07-11T04:44:38.685Z", 
            "version": "WzM0NjQsMV0="
        }, 
        {
            "attributes": {
                "description": "", 
                "kibanaSavedObjectMeta": {
                    "searchSourceJSON": "{\"filter\": [], \"query\": {\"query_string\": {\"query\": \"*\"}}}"
                }, 
                "title": "Destination Autonomous Systems (bytes) [Filebeat Netflow]", 
                "uiStateJSON": "{}", 
                "version": 1, 
                "visState": "{\"type\": \"timelion\", \"listeners\": {}, \"params\": {\"interval\": \"auto\", \"expression\": \".es(index=\\\"filebeat-*\\\", metric=\\\"sum:network.bytes\\\", split=\\\"destination.as.organization.name:10\\\", kibana=true).scale_interval(1s).fit(mode=scale).if(operator=\\\"lt\\\", if=0, then=0).trim(start=2,end=1).label(regex=\\\"^.* destination.as.organization.name:(.+) > .*$\\\", label=\\\"$1\\\").lines(width=1, stack=true, fill=1).yaxis(label=\\\"bytes / sec\\\", min=0)\"}, \"aggs\": [], \"title\": \"Destination Autonomous Systems (bytes) [Filebeat Netflow]\"}"
            }, 
            "id": "12aad647-c45d-4667-a029-152c1a97cbbc", 
            "migrationVersion": {
                "visualization": "7.2.0"
            }, 
            "references": [], 
            "type": "visualization", 
            "updated_at": "2019-07-11T04:44:31.601Z", 
            "version": "WzM0MDUsMV0="
        }, 
        {
            "attributes": {
                "description": "", 
                "kibanaSavedObjectMeta": {
                    "searchSourceJSON": "{\"filter\": [], \"query\": {\"query_string\": {\"query\": \"*\"}}}"
                }, 
                "title": "Destination Autonomous Systems (packets) [Filebeat Netflow]", 
                "uiStateJSON": "{}", 
                "version": 1, 
                "visState": "{\"type\": \"timelion\", \"listeners\": {}, \"params\": {\"interval\": \"auto\", \"expression\": \".es(index=\\\"filebeat-*\\\", metric=\\\"sum:network.packets\\\", split=\\\"destination.as.organization.name:10\\\", kibana=true).scale_interval(1s).fit(mode=scale).if(operator=\\\"lt\\\", if=0, then=0).trim(start=2,end=1).label(regex=\\\"^.* destination.as.organization.name:(.+) > .*$\\\", label=\\\"$1\\\").lines(width=1, stack=true, fill=1).yaxis(label=\\\"packets / sec\\\", min=0)\"}, \"aggs\": [], \"title\": \"Destination Autonomous Systems (packets) [Filebeat Netflow]\"}"
            }, 
            "id": "d27b5d74-b3b4-4311-a0e6-08ff8f4345df", 
            "migrationVersion": {
                "visualization": "7.2.0"
            }, 
            "references": [], 
            "type": "visualization", 
            "updated_at": "2019-07-11T04:44:31.601Z", 
            "version": "WzM0MDYsMV0="
        }, 
        {
            "attributes": {
                "description": "", 
                "kibanaSavedObjectMeta": {
                    "searchSourceJSON": "{\"filter\": [], \"query\": {\"query_string\": {\"query\": \"*\"}}}"
                }, 
                "title": "Source Autonomous Systems (bytes) [Filebeat Netflow]", 
                "uiStateJSON": "{}", 
                "version": 1, 
                "visState": "{\"type\": \"timelion\", \"listeners\": {}, \"params\": {\"interval\": \"auto\", \"expression\": \".es(index=\\\"filebeat-*\\\", metric=\\\"sum:network.bytes\\\", split=\\\"source.as.organization.name:10\\\", kibana=true).scale_interval(1s).fit(mode=scale).if(operator=\\\"lt\\\", if=0, then=0).trim(start=2,end=1).label(regex=\\\"^.* source.as.organization.name:(.+) > .*$\\\", label=\\\"$1\\\").lines(width=1, stack=true, fill=1).yaxis(label=\\\"bytes / sec\\\", min=0)\"}, \"aggs\": [], \"title\": \"Source Autonomous Systems (bytes) [Filebeat Netflow]\"}"
            }, 
            "id": "751ecb6f-11c3-458d-b039-f6d57a6379fa", 
            "migrationVersion": {
                "visualization": "7.2.0"
            }, 
            "references": [], 
            "type": "visualization", 
            "updated_at": "2019-07-11T04:44:31.601Z", 
            "version": "WzM0MDcsMV0="
        }, 
        {
            "attributes": {
                "description": "", 
                "kibanaSavedObjectMeta": {
                    "searchSourceJSON": "{\"filter\": [], \"query\": {\"query_string\": {\"query\": \"*\"}}}"
                }, 
                "title": "Source Autonomous Systems (packets) [Filebeat Netflow]", 
                "uiStateJSON": "{}", 
                "version": 1, 
                "visState": "{\"type\": \"timelion\", \"listeners\": {}, \"params\": {\"interval\": \"auto\", \"expression\": \".es(index=\\\"filebeat-*\\\", metric=\\\"sum:network.packets\\\", split=\\\"source.as.organization.name:10\\\", kibana=true).scale_interval(1s).fit(mode=scale).if(operator=\\\"lt\\\", if=0, then=0).trim(start=2,end=1).label(regex=\\\"^.* source.as.organization.name:(.+) > .*$\\\", label=\\\"$1\\\").lines(width=1, stack=true, fill=1).yaxis(label=\\\"packets / sec\\\", min=0)\"}, \"aggs\": [], \"title\": \"Source Autonomous Systems (packets) [Filebeat Netflow]\"}"
            }, 
            "id": "f75063c7-48b7-4de4-b8cb-d07eb2cea0e9", 
            "migrationVersion": {
                "visualization": "7.2.0"
            }, 
            "references": [], 
            "type": "visualization", 
            "updated_at": "2019-07-11T04:44:31.601Z", 
            "version": "WzM0MDgsMV0="
        }, 
        {
            "attributes": {
                "description": "", 
                "kibanaSavedObjectMeta": {
                    "searchSourceJSON": "{\"filter\": [], \"query\": {\"query_string\": {\"analyze_wildcard\": true, \"query\": \"*\"}}, \"indexRefName\": \"kibanaSavedObjectMeta.searchSourceJSON.index\"}"
                }, 
                "title": "Destination and Source ASs (flow records) [Filebeat Netflow]", 
                "uiStateJSON": "{}", 
                "version": 1, 
                "visState": "{\"type\": \"pie\", \"listeners\": {}, \"params\": {\"legendPosition\": \"right\", \"isDonut\": true, \"addTooltip\": true, \"addLegend\": true}, \"aggs\": [{\"params\": {\"customLabel\": \"Flow Records\"}, \"type\": \"count\", \"enabled\": true, \"id\": \"1\", \"schema\": \"metric\"}, {\"params\": {\"orderBy\": \"1\", \"field\": \"destination.as.organization.name\", \"customLabel\": \"Destination AS\", \"order\": \"desc\", \"size\": 50}, \"type\": \"terms\", \"enabled\": true, \"id\": \"2\", \"schema\": \"segment\"}, {\"params\": {\"orderBy\": \"1\", \"field\": \"source.as.organization.name\", \"customLabel\": \"Source AS\", \"order\": \"desc\", \"size\": 50}, \"type\": \"terms\", \"enabled\": true, \"id\": \"3\", \"schema\": \"segment\"}], \"title\": \"Destination and Source ASs (flow records) [Filebeat Netflow]\"}"
            }, 
            "id": "f7808e70-df2a-4532-a350-966704567c24", 
            "migrationVersion": {
                "visualization": "7.2.0"
            }, 
            "references": [
                {
                    "id": "filebeat-*", 
                    "name": "kibanaSavedObjectMeta.searchSourceJSON.index", 
                    "type": "index-pattern"
                }
            ], 
            "type": "visualization", 
            "updated_at": "2019-07-11T04:44:31.601Z", 
            "version": "WzM0MDksMV0="
        }, 
        {
            "attributes": {
                "description": "", 
                "kibanaSavedObjectMeta": {
                    "searchSourceJSON": "{\"filter\": [], \"query\": {\"query_string\": {\"analyze_wildcard\": true, \"query\": \"*\"}}, \"indexRefName\": \"kibanaSavedObjectMeta.searchSourceJSON.index\"}"
                }, 
                "title": "Destinations and Sources (flow records) [Filebeat Netflow]", 
                "uiStateJSON": "{}", 
                "version": 1, 
                "visState": "{\"type\": \"pie\", \"listeners\": {}, \"params\": {\"legendPosition\": \"right\", \"isDonut\": true, \"addTooltip\": true, \"addLegend\": true}, \"aggs\": [{\"params\": {\"customLabel\": \"Flow Records\"}, \"type\": \"count\", \"enabled\": true, \"id\": \"1\", \"schema\": \"metric\"}, {\"params\": {\"orderBy\": \"1\", \"field\": \"destination.ip\", \"customLabel\": \"Destination\", \"order\": \"desc\", \"size\": 50}, \"type\": \"terms\", \"enabled\": true, \"id\": \"2\", \"schema\": \"segment\"}, {\"params\": {\"orderBy\": \"1\", \"field\": \"source.ip\", \"customLabel\": \"Source\", \"order\": \"desc\", \"size\": 50}, \"type\": \"terms\", \"enabled\": true, \"id\": \"3\", \"schema\": \"segment\"}], \"title\": \"Destinations and Sources (flow records) [Filebeat Netflow]\"}"
            }, 
            "id": "aed09724-0a69-4331-84f5-3d2067c43930", 
            "migrationVersion": {
                "visualization": "7.2.0"
            }, 
            "references": [
                {
                    "id": "filebeat-*", 
                    "name": "kibanaSavedObjectMeta.searchSourceJSON.index", 
                    "type": "index-pattern"
                }
            ], 
            "type": "visualization", 
            "updated_at": "2019-07-11T04:44:35.630Z", 
            "version": "WzM0MzUsMV0="
        }, 
        {
            "attributes": {
                "description": "", 
                "kibanaSavedObjectMeta": {
                    "searchSourceJSON": "{\"filter\": [], \"query\": {\"query_string\": {\"analyze_wildcard\": true, \"query\": \"*\"}}, \"indexRefName\": \"kibanaSavedObjectMeta.searchSourceJSON.index\"}"
                }, 
                "title": "Destination and Source Ports (flow records) [Filebeat Netflow]", 
                "uiStateJSON": "{}", 
                "version": 1, 
                "visState": "{\"type\": \"pie\", \"listeners\": {}, \"params\": {\"legendPosition\": \"right\", \"isDonut\": true, \"addTooltip\": true, \"addLegend\": true}, \"aggs\": [{\"params\": {\"customLabel\": \"Flow Records\"}, \"type\": \"count\", \"enabled\": true, \"id\": \"1\", \"schema\": \"metric\"}, {\"params\": {\"orderBy\": \"1\", \"field\": \"destination.port\", \"customLabel\": \"Destination Port\", \"order\": \"desc\", \"size\": 50}, \"type\": \"terms\", \"enabled\": true, \"id\": \"2\", \"schema\": \"segment\"}, {\"params\": {\"orderBy\": \"1\", \"field\": \"source.port\", \"customLabel\": \"Source Port\", \"order\": \"desc\", \"size\": 50}, \"type\": \"terms\", \"enabled\": true, \"id\": \"3\", \"schema\": \"segment\"}], \"title\": \"Destination and Source Ports (flow records) [Filebeat Netflow]\"}"
            }, 
            "id": "f531f957-e8c0-497a-ad41-ef39c2d29671", 
            "migrationVersion": {
                "visualization": "7.2.0"
            }, 
            "references": [
                {
                    "id": "filebeat-*", 
                    "name": "kibanaSavedObjectMeta.searchSourceJSON.index", 
                    "type": "index-pattern"
                }
            ], 
            "type": "visualization", 
            "updated_at": "2019-07-11T04:44:35.630Z", 
            "version": "WzM0MzYsMV0="
        }
    ], 
    "version": "7.2.0"
}