{
    "objects": [
        {
            "attributes": {
                "columns": [
                    "log.level", 
                    "logstash.slowlog.plugin_type", 
                    "logstash.slowlog.plugin_name", 
                    "logstash.slowlog.message", 
                    "logstash.slowlog.plugin_params", 
                    "logstash.slowlog.execution_time_ns"
                ], 
                "description": "", 
                "hits": 0, 
                "kibanaSavedObjectMeta": {
                    "searchSourceJSON": "{\"filter\": [{\"query\": {\"match\": {\"event.module\": {\"query\": \"logstash\", \"type\": \"phrase\"}}}, \"meta\": {\"index\": \"filebeat-*\", \"value\": \"logstash\", \"disabled\": false, \"alias\": null, \"params\": {\"query\": \"logstash\", \"type\": \"phrase\"}, \"key\": \"event.module\", \"negate\": false, \"type\": \"phrase\"}, \"$state\": {\"store\": \"appState\"}}, {\"query\": {\"match\": {\"fileset.name\": {\"query\": \"slowlog\", \"type\": \"phrase\"}}}, \"meta\": {\"index\": \"filebeat-*\", \"value\": \"slowlog\", \"disabled\": false, \"alias\": null, \"params\": {\"query\": \"slowlog\", \"type\": \"phrase\"}, \"key\": \"fileset.name\", \"negate\": false, \"type\": \"phrase\"}, \"$state\": {\"store\": \"appState\"}}], \"index\": \"filebeat-*\", \"version\": true, \"highlightAll\": true, \"query\": {\"query\": \"\", \"language\": \"kuery\"}}"
                }, 
                "sort": [
                    "log.level", 
                    "asc"
                ], 
                "title": "Slow logs [Filebeat Logstash] ECS", 
                "version": 1
            }, 
            "id": "742e45d0-cbdd-11e7-9852-73e0a9df1bb6-ecs", 
            "type": "search", 
            "version": 1
        }, 
        {
            "attributes": {
                "description": "", 
                "kibanaSavedObjectMeta": {
                    "searchSourceJSON": "{\"filter\": [], \"query\": {\"query\": \"\", \"language\": \"kuery\"}}"
                }, 
                "savedSearchId": "cfaba090-cbda-11e7-9852-73e0a9df1bb6-ecs", 
                "title": "Logs Severity [Filebeat Logstash] ECS", 
                "uiStateJSON": "{}", 
                "version": 1, 
                "visState": "{\"type\": \"pie\", \"params\": {\"legendPosition\": \"right\", \"type\": \"pie\", \"isDonut\": true, \"addTooltip\": true, \"addLegend\": true}, \"aggs\": [{\"params\": {}, \"type\": \"count\", \"enabled\": true, \"id\": \"1\", \"schema\": \"metric\"}, {\"params\": {\"orderBy\": \"1\", \"field\": \"log.level\", \"order\": \"desc\", \"size\": 5}, \"type\": \"terms\", \"enabled\": true, \"id\": \"2\", \"schema\": \"segment\"}], \"title\": \"Logs Severity [Filebeat Logstash] ECS\"}"
            }, 
            "id": "0b1dace0-cbdb-11e7-9852-73e0a9df1bb6-ecs", 
            "type": "visualization", 
            "version": 1
        }, 
        {
            "attributes": {
                "description": "", 
                "kibanaSavedObjectMeta": {
                    "searchSourceJSON": "{\"filter\": [], \"query\": {\"query\": \"\", \"language\": \"kuery\"}}"
                }, 
                "savedSearchId": "cfaba090-cbda-11e7-9852-73e0a9df1bb6-ecs", 
                "title": "logs over time [Filebeat Logstash] ECS", 
                "uiStateJSON": "{}", 
                "version": 1, 
                "visState": "{\"type\": \"histogram\", \"params\": {\"seriesParams\": [{\"showCircles\": true, \"show\": \"true\", \"data\": {\"id\": \"1\", \"label\": \"Count\"}, \"mode\": \"stacked\", \"drawLinesBetweenPoints\": true, \"valueAxis\": \"ValueAxis-1\", \"type\": \"histogram\"}], \"type\": \"histogram\", \"categoryAxes\": [{\"style\": {}, \"scale\": {\"type\": \"linear\"}, \"show\": true, \"title\": {}, \"labels\": {\"truncate\": 100, \"show\": true}, \"position\": \"bottom\", \"type\": \"category\", \"id\": \"CategoryAxis-1\"}], \"legendPosition\": \"right\", \"addTimeMarker\": false, \"addLegend\": true, \"grid\": {\"style\": {\"color\": \"#eee\"}, \"categoryLines\": false}, \"times\": [], \"addTooltip\": true, \"valueAxes\": [{\"style\": {}, \"scale\": {\"type\": \"linear\", \"mode\": \"normal\"}, \"name\": \"LeftAxis-1\", \"show\": true, \"title\": {\"text\": \"Count\"}, \"labels\": {\"filter\": false, \"rotate\": 0, \"truncate\": 100, \"show\": true}, \"position\": \"left\", \"type\": \"value\", \"id\": \"ValueAxis-1\"}]}, \"aggs\": [{\"params\": {}, \"type\": \"count\", \"enabled\": true, \"id\": \"1\", \"schema\": \"metric\"}, {\"params\": {\"customInterval\": \"2h\", \"field\": \"@timestamp\", \"interval\": \"auto\", \"min_doc_count\": 1, \"extended_bounds\": {}}, \"type\": \"date_histogram\", \"enabled\": true, \"id\": \"2\", \"schema\": \"segment\"}, {\"params\": {\"orderBy\": \"1\", \"field\": \"log.level\", \"order\": \"desc\", \"size\": 5}, \"type\": \"terms\", \"enabled\": true, \"id\": \"3\", \"schema\": \"group\"}], \"title\": \"logs over time [Filebeat Logstash] ECS\"}"
            }, 
            "id": "e90b7240-cbda-11e7-9852-73e0a9df1bb6-ecs", 
            "type": "visualization", 
            "version": 1
        }, 
        {
            "attributes": {
                "description": "", 
                "kibanaSavedObjectMeta": {
                    "searchSourceJSON": "{\"filter\": [], \"query\": {\"query\": \"\", \"language\": \"kuery\"}}"
                }, 
                "savedSearchId": "742e45d0-cbdd-11e7-9852-73e0a9df1bb6-ecs", 
                "title": "Slowest plugins [Filebeat Logstash] ECS", 
                "uiStateJSON": "{\"vis\": {\"params\": {\"sort\": {\"columnIndex\": 3, \"direction\": null}}}}", 
                "version": 1, 
                "visState": "{\"type\": \"table\", \"params\": {\"sort\": {\"columnIndex\": null, \"direction\": null}, \"perPage\": 10, \"showPartialRows\": false, \"totalFunc\": \"sum\", \"showTotal\": false, \"showMeticsAtAllLevels\": false}, \"aggs\": [{\"params\": {\"field\": \"logstash.slowlog.took_in_millis\", \"customLabel\": \"Average\"}, \"type\": \"avg\", \"enabled\": true, \"id\": \"6\", \"schema\": \"metric\"}, {\"params\": {\"field\": \"logstash.slowlog.took_in_millis\", \"customLabel\": \"Min\"}, \"type\": \"min\", \"enabled\": true, \"id\": \"5\", \"schema\": \"metric\"}, {\"params\": {\"orderBy\": \"5\", \"field\": \"logstash.slowlog.plugin_name\", \"customLabel\": \"Plugin Name\", \"order\": \"desc\", \"size\": 5}, \"type\": \"terms\", \"enabled\": true, \"id\": \"8\", \"schema\": \"bucket\"}, {\"params\": {\"field\": \"logstash.slowlog.took_in_millis\", \"customLabel\": \"Max\"}, \"type\": \"max\", \"enabled\": true, \"id\": \"7\", \"schema\": \"metric\"}, {\"params\": {\"orderBy\": \"5\", \"field\": \"logstash.slowlog.plugin_type\", \"customLabel\": \"Plugin Type\", \"order\": \"desc\", \"size\": 5}, \"type\": \"terms\", \"enabled\": true, \"id\": \"9\", \"schema\": \"bucket\"}], \"title\": \"Slowest plugins [Filebeat Logstash] ECS\"}"
            }, 
            "id": "b3315630-cbdf-11e7-9852-73e0a9df1bb6-ecs", 
            "type": "visualization", 
            "version": 1
        }, 
        {
            "attributes": {
                "columns": [
                    "log.level", 
                    "logstash.log.module", 
                    "message", 
                    "source"
                ], 
                "description": "", 
                "hits": 0, 
                "kibanaSavedObjectMeta": {
                    "searchSourceJSON": "{\"filter\": [{\"query\": {\"match\": {\"event.module\": {\"query\": \"logstash\", \"type\": \"phrase\"}}}, \"meta\": {\"index\": \"filebeat-*\", \"value\": \"logstash\", \"disabled\": false, \"alias\": null, \"params\": {\"query\": \"logstash\", \"type\": \"phrase\"}, \"key\": \"event.module\", \"negate\": false, \"type\": \"phrase\"}, \"$state\": {\"store\": \"appState\"}}, {\"query\": {\"match\": {\"fileset.name\": {\"query\": \"log\", \"type\": \"phrase\"}}}, \"meta\": {\"index\": \"filebeat-*\", \"value\": \"log\", \"disabled\": false, \"alias\": null, \"params\": {\"query\": \"log\", \"type\": \"phrase\"}, \"key\": \"fileset.name\", \"negate\": false, \"type\": \"phrase\"}, \"$state\": {\"store\": \"appState\"}}], \"index\": \"filebeat-*\", \"version\": true, \"highlightAll\": true, \"query\": {\"query\": \"\", \"language\": \"kuery\"}}"
                }, 
                "sort": [
                    "@timestamp", 
                    "desc"
                ], 
                "title": "logs [Filebeat Logstash] ECS", 
                "version": 1
            }, 
            "id": "cfaba090-cbda-11e7-9852-73e0a9df1bb6-ecs", 
            "type": "search", 
            "version": 1
        }, 
        {
            "attributes": {
                "description": "Overview of Logstash Slowlogs", 
                "hits": 0, 
                "kibanaSavedObjectMeta": {
                    "searchSourceJSON": "{\"filter\": [], \"query\": {\"query\": \"\", \"language\": \"kuery\"}, \"version\": true, \"highlightAll\": true}"
                }, 
                "optionsJSON": "{\"darkTheme\": false}", 
                "panelsJSON": "[{\"sort\": [\"@timestamp\", \"desc\"], \"type\": \"search\", \"id\": \"742e45d0-cbdd-11e7-9852-73e0a9df1bb6-ecs\", \"size_x\": 12, \"size_y\": 9, \"panelIndex\": 1, \"col\": 1, \"columns\": [\"log.level\", \"logstash.slowlog.plugin_type\", \"logstash.slowlog.plugin_name\", \"logstash.slowlog.message\", \"logstash.slowlog.plugin_params\", \"logstash.slowlog.execution_time_ns\"], \"row\": 7}, {\"type\": \"visualization\", \"id\": \"0b1dace0-cbdb-11e7-9852-73e0a9df1bb6-ecs\", \"size_x\": 6, \"size_y\": 3, \"panelIndex\": 2, \"col\": 7, \"row\": 1}, {\"type\": \"visualization\", \"id\": \"e90b7240-cbda-11e7-9852-73e0a9df1bb6-ecs\", \"size_x\": 6, \"size_y\": 3, \"panelIndex\": 3, \"col\": 1, \"row\": 1}, {\"type\": \"visualization\", \"id\": \"b3315630-cbdf-11e7-9852-73e0a9df1bb6-ecs\", \"size_x\": 12, \"size_y\": 3, \"panelIndex\": 4, \"col\": 1, \"row\": 4}]", 
                "timeRestore": false, 
                "title": "[Filebeat Logstash] Slowlogs ECS", 
                "uiStateJSON": "{\"P-4\": {\"vis\": {\"params\": {\"sort\": {\"columnIndex\": 3, \"direction\": null}}}}}", 
                "version": 1
            }, 
            "id": "Filebeat-Logstash-Slowlog-Dashboard-ecs", 
            "type": "dashboard", 
            "version": 1
        }
    ], 
    "version": "6.0.0"
}