{
    "objects": [
        {
            "attributes": {
                "description": "Netflow traffic analysis", 
                "hits": 0, 
                "kibanaSavedObjectMeta": {
                    "searchSourceJSON": "{\"filter\": [{\"query\": {\"match\": {\"input.type\": {\"query\": \"netflow\", \"type\": \"phrase\"}}}, \"meta\": {\"indexRefName\": \"kibanaSavedObjectMeta.searchSourceJSON.filter[0].meta.index\", \"value\": \"netflow\", \"disabled\": false, \"alias\": null, \"params\": {\"query\": \"netflow\"}, \"key\": \"input.type\", \"negate\": false, \"type\": \"phrase\"}, \"$state\": {\"store\": \"globalState\"}}], \"version\": true, \"highlightAll\": true}"
                }, 
                "optionsJSON": "{\"darkTheme\": false}", 
                "panelsJSON": "[{\"size_x\": 6, \"size_y\": 2, \"panelRefName\": \"panel_0\", \"panelIndex\": 1, \"col\": 7, \"row\": 22}, {\"size_x\": 12, \"size_y\": 1, \"panelRefName\": \"panel_1\", \"panelIndex\": 4, \"col\": 1, \"row\": 1}, {\"size_x\": 6, \"size_y\": 2, \"panelRefName\": \"panel_2\", \"panelIndex\": 5, \"col\": 7, \"row\": 28}, {\"size_x\": 6, \"size_y\": 2, \"panelRefName\": \"panel_3\", \"panelIndex\": 6, \"col\": 1, \"row\": 28}, {\"size_x\": 6, \"size_y\": 2, \"panelRefName\": \"panel_4\", \"panelIndex\": 7, \"col\": 7, \"row\": 10}, {\"size_x\": 6, \"size_y\": 2, \"panelRefName\": \"panel_5\", \"panelIndex\": 9, \"col\": 1, \"row\": 22}, {\"size_x\": 6, \"size_y\": 2, \"panelRefName\": \"panel_6\", \"panelIndex\": 10, \"col\": 7, \"row\": 16}, {\"size_x\": 6, \"size_y\": 2, \"panelRefName\": \"panel_7\", \"panelIndex\": 11, \"col\": 1, \"row\": 16}, {\"size_x\": 6, \"size_y\": 2, \"panelRefName\": \"panel_8\", \"panelIndex\": 12, \"col\": 1, \"row\": 10}, {\"size_x\": 6, \"size_y\": 2, \"panelRefName\": \"panel_9\", \"panelIndex\": 13, \"col\": 1, \"row\": 4}, {\"size_x\": 6, \"size_y\": 2, \"panelRefName\": \"panel_10\", \"panelIndex\": 14, \"col\": 7, \"row\": 4}, {\"size_x\": 4, \"size_y\": 2, \"panelRefName\": \"panel_11\", \"panelIndex\": 15, \"col\": 1, \"row\": 2}, {\"size_x\": 4, \"size_y\": 2, \"panelRefName\": \"panel_12\", \"panelIndex\": 16, \"col\": 1, \"row\": 8}, {\"size_x\": 4, \"size_y\": 2, \"panelRefName\": \"panel_13\", \"panelIndex\": 17, \"col\": 7, \"row\": 2}, {\"size_x\": 4, \"size_y\": 2, \"panelRefName\": \"panel_14\", \"panelIndex\": 18, \"col\": 7, \"row\": 8}, {\"size_x\": 4, \"size_y\": 2, \"panelRefName\": \"panel_15\", \"panelIndex\": 19, \"col\": 1, \"row\": 14}, {\"size_x\": 4, \"size_y\": 2, \"panelRefName\": \"panel_16\", \"panelIndex\": 20, \"col\": 7, \"row\": 14}, {\"size_x\": 4, \"size_y\": 2, \"panelRefName\": \"panel_17\", \"panelIndex\": 21, \"col\": 1, \"row\": 20}, {\"size_x\": 4, \"size_y\": 2, \"panelRefName\": \"panel_18\", \"panelIndex\": 22, \"col\": 7, \"row\": 20}, {\"size_x\": 4, \"size_y\": 2, \"panelRefName\": \"panel_19\", \"panelIndex\": 23, \"col\": 1, \"row\": 26}, {\"size_x\": 4, \"size_y\": 2, \"panelRefName\": \"panel_20\", \"panelIndex\": 24, \"col\": 7, \"row\": 26}, {\"size_x\": 6, \"size_y\": 2, \"panelRefName\": \"panel_21\", \"panelIndex\": 25, \"col\": 1, \"row\": 6}, {\"size_x\": 2, \"size_y\": 2, \"panelRefName\": \"panel_22\", \"panelIndex\": 26, \"col\": 11, \"row\": 2}, {\"size_x\": 2, \"size_y\": 2, \"panelRefName\": \"panel_23\", \"panelIndex\": 27, \"col\": 5, \"row\": 2}, {\"size_x\": 6, \"size_y\": 2, \"panelRefName\": \"panel_24\", \"panelIndex\": 28, \"col\": 7, \"row\": 6}, {\"size_x\": 2, \"size_y\": 2, \"panelRefName\": \"panel_25\", \"panelIndex\": 29, \"col\": 11, \"row\": 8}, {\"size_x\": 2, \"size_y\": 2, \"panelRefName\": \"panel_26\", \"panelIndex\": 30, \"col\": 5, \"row\": 8}, {\"size_x\": 6, \"size_y\": 2, \"panelRefName\": \"panel_27\", \"panelIndex\": 31, \"col\": 7, \"row\": 24}, {\"size_x\": 6, \"size_y\": 2, \"panelRefName\": \"panel_28\", \"panelIndex\": 34, \"col\": 7, \"row\": 30}, {\"size_x\": 6, \"size_y\": 2, \"panelRefName\": \"panel_29\", \"panelIndex\": 35, \"col\": 1, \"row\": 30}, {\"size_x\": 6, \"size_y\": 2, \"panelRefName\": \"panel_30\", \"panelIndex\": 38, \"col\": 7, \"row\": 12}, {\"size_x\": 6, \"size_y\": 2, \"panelRefName\": \"panel_31\", \"panelIndex\": 42, \"col\": 1, \"row\": 12}, {\"size_x\": 6, \"size_y\": 2, \"panelRefName\": \"panel_32\", \"panelIndex\": 44, \"col\": 1, \"row\": 24}, {\"size_x\": 6, \"size_y\": 2, \"panelRefName\": \"panel_33\", \"panelIndex\": 45, \"col\": 1, \"row\": 18}, {\"size_x\": 6, \"size_y\": 2, \"panelRefName\": \"panel_34\", \"panelIndex\": 47, \"col\": 7, \"row\": 18}, {\"size_x\": 2, \"size_y\": 2, \"panelRefName\": \"panel_35\", \"panelIndex\": 48, \"col\": 5, \"row\": 14}, {\"size_x\": 2, \"size_y\": 2, \"panelRefName\": \"panel_36\", \"panelIndex\": 49, \"col\": 11, \"row\": 14}, {\"size_x\": 2, \"size_y\": 2, \"panelRefName\": \"panel_37\", \"panelIndex\": 50, \"col\": 11, \"row\": 20}, {\"size_x\": 2, \"size_y\": 2, \"panelRefName\": \"panel_38\", \"panelIndex\": 51, \"col\": 11, \"row\": 26}, {\"size_x\": 2, \"size_y\": 2, \"panelRefName\": \"panel_39\", \"panelIndex\": 52, \"col\": 5, \"row\": 26}, {\"size_x\": 2, \"size_y\": 2, \"panelRefName\": \"panel_40\", \"panelIndex\": 53, \"col\": 5, \"row\": 20}]", 
                "timeRestore": false, 
                "title": "[Filebeat Netflow] Traffic Analysis", 
                "uiStateJSON": "{\"P-15\": {\"vis\": {\"legendOpen\": true}}, \"P-50\": {\"vis\": {\"defaultColors\": {\"0 - 100\": \"rgb(0,104,55)\"}}}, \"P-52\": {\"vis\": {\"defaultColors\": {\"0 - 100\": \"rgb(0,104,55)\"}}}, \"P-53\": {\"vis\": {\"defaultColors\": {\"0 - 100\": \"rgb(0,104,55)\"}}}, \"P-29\": {\"vis\": {\"defaultColors\": {\"0 - 100\": \"rgb(0,104,55)\"}}}, \"P-51\": {\"vis\": {\"defaultColors\": {\"0 - 100\": \"rgb(0,104,55)\"}}}, \"P-49\": {\"vis\": {\"defaultColors\": {\"0 - 100\": \"rgb(0,104,55)\"}}}, \"P-48\": {\"vis\": {\"defaultColors\": {\"0 - 100\": \"rgb(0,104,55)\"}}}, \"P-30\": {\"vis\": {\"defaultColors\": {\"0 - 100\": \"rgb(0,104,55)\"}}}, \"P-27\": {\"vis\": {\"defaultColors\": {\"0 - 100\": \"rgb(0,104,55)\"}}}, \"P-26\": {\"vis\": {\"defaultColors\": {\"0 - 100\": \"rgb(0,104,55)\"}}}}", 
                "version": 1
            }, 
            "id": "38012abe-c611-4124-8497-381fcd85acc8", 
            "migrationVersion": {
                "dashboard": "7.0.0"
            }, 
            "references": [
                {
                    "id": "filebeat-*", 
                    "name": "kibanaSavedObjectMeta.searchSourceJSON.filter[0].meta.index", 
                    "type": "index-pattern"
                }, 
                {
                    "id": "abfa0b19-60cd-4984-9c3d-02ebf0aa1dfb", 
                    "name": "panel_0", 
                    "type": "visualization"
                }, 
                {
                    "id": "d4e6520a-9ced-47c9-a8f2-7246e8cbd2d3", 
                    "name": "panel_1", 
                    "type": "visualization"
                }, 
                {
                    "id": "1e74d5cb-556d-42ee-8042-88f6c1af47f0", 
                    "name": "panel_2", 
                    "type": "visualization"
                }, 
                {
                    "id": "5cfb2c9a-4815-4a25-9d7e-ab0ef55ffe63", 
                    "name": "panel_3", 
                    "type": "visualization"
                }, 
                {
                    "id": "3e27fb83-b3e3-4c15-b999-ed6da49b7a86", 
                    "name": "panel_4", 
                    "type": "visualization"
                }, 
                {
                    "id": "5d868836-c7b2-4812-bf47-4838aac281d9", 
                    "name": "panel_5", 
                    "type": "visualization"
                }, 
                {
                    "id": "a5efa3dd-f53a-4d14-9d3f-ee73345fd93d", 
                    "name": "panel_6", 
                    "type": "visualization"
                }, 
                {
                    "id": "717cd7c7-bfca-435d-8ee7-38259927aade", 
                    "name": "panel_7", 
                    "type": "visualization"
                }, 
                {
                    "id": "f668ecdb-eec7-44c6-9060-26aaf9fc8404", 
                    "name": "panel_8", 
                    "type": "visualization"
                }, 
                {
                    "id": "6bbd6712-494a-4fd9-b3d3-757304681f0f", 
                    "name": "panel_9", 
                    "type": "visualization"
                }, 
                {
                    "id": "681f0ce4-d828-4a99-b643-0c0715530050", 
                    "name": "panel_10", 
                    "type": "visualization"
                }, 
                {
                    "id": "fd6c1144-5026-4795-b7af-a9aa3fc28c56", 
                    "name": "panel_11", 
                    "type": "visualization"
                }, 
                {
                    "id": "0b2818fd-aecc-4bef-b566-9466eb702ae4", 
                    "name": "panel_12", 
                    "type": "visualization"
                }, 
                {
                    "id": "248e00b4-8fc2-406f-8907-729d5380aaa7", 
                    "name": "panel_13", 
                    "type": "visualization"
                }, 
                {
                    "id": "cf399a85-e348-4ac1-a399-e8f5a44114c4", 
                    "name": "panel_14", 
                    "type": "visualization"
                }, 
                {
                    "id": "1cf30eac-aae8-47fa-a156-37f6346d2d5a", 
                    "name": "panel_15", 
                    "type": "visualization"
                }, 
                {
                    "id": "7fa6cb0a-518d-46e9-a228-15cd4253a957", 
                    "name": "panel_16", 
                    "type": "visualization"
                }, 
                {
                    "id": "57e13a20-e94f-4465-a942-42148634a1d2", 
                    "name": "panel_17", 
                    "type": "visualization"
                }, 
                {
                    "id": "f772028b-d5a6-4d55-b441-493871981a60", 
                    "name": "panel_18", 
                    "type": "visualization"
                }, 
                {
                    "id": "a14c3248-952d-42aa-bd7d-9b39157a776f", 
                    "name": "panel_19", 
                    "type": "visualization"
                }, 
                {
                    "id": "a685420e-c45f-4b62-932b-5b76ac8b8ca2", 
                    "name": "panel_20", 
                    "type": "visualization"
                }, 
                {
                    "id": "0528bc66-6981-400a-a02d-c1d221b38890", 
                    "name": "panel_21", 
                    "type": "visualization"
                }, 
                {
                    "id": "e99dc327-03de-4561-9e0c-f550710125c2", 
                    "name": "panel_22", 
                    "type": "visualization"
                }, 
                {
                    "id": "32e712ed-fa15-4db7-8575-8476e8d65b03", 
                    "name": "panel_23", 
                    "type": "visualization"
                }, 
                {
                    "id": "d59a031c-70d6-47d7-966d-7fcb805be9be", 
                    "name": "panel_24", 
                    "type": "visualization"
                }, 
                {
                    "id": "af707b01-29f1-462b-b279-6d2e803f3645", 
                    "name": "panel_25", 
                    "type": "visualization"
                }, 
                {
                    "id": "ddd27657-c3c8-4f82-8059-6d7763dd599b", 
                    "name": "panel_26", 
                    "type": "visualization"
                }, 
                {
                    "id": "30cd1009-2925-4c9b-820d-d689f5d1efda", 
                    "name": "panel_27", 
                    "type": "visualization"
                }, 
                {
                    "id": "7d447b22-89dc-4f32-b549-4b8620af4d76", 
                    "name": "panel_28", 
                    "type": "visualization"
                }, 
                {
                    "id": "d41a9663-e5ad-47a7-955e-3803ae4e23c0", 
                    "name": "panel_29", 
                    "type": "visualization"
                }, 
                {
                    "id": "3a4209e2-281c-467e-b5cb-315bf4a2661f", 
                    "name": "panel_30", 
                    "type": "visualization"
                }, 
                {
                    "id": "201d7dd1-a880-4a64-b631-db5629340db9", 
                    "name": "panel_31", 
                    "type": "visualization"
                }, 
                {
                    "id": "8f83cf97-4a48-421f-8db5-690297d1f4fb", 
                    "name": "panel_32", 
                    "type": "visualization"
                }, 
                {
                    "id": "a1704d46-15fc-41c2-851d-796ceb49877f", 
                    "name": "panel_33", 
                    "type": "visualization"
                }, 
                {
                    "id": "15e2a267-2495-4df2-a121-abe410d2f18c", 
                    "name": "panel_34", 
                    "type": "visualization"
                }, 
                {
                    "id": "f27c1479-0625-4cdc-92de-672e47db0f87", 
                    "name": "panel_35", 
                    "type": "visualization"
                }, 
                {
                    "id": "0177bf1a-cba8-4ba6-a1d7-73caed86ffc2", 
                    "name": "panel_36", 
                    "type": "visualization"
                }, 
                {
                    "id": "d5568704-e30b-4108-bb49-06a9b8dce6a6", 
                    "name": "panel_37", 
                    "type": "visualization"
                }, 
                {
                    "id": "16262df9-a979-4136-935e-d883c7d373d7", 
                    "name": "panel_38", 
                    "type": "visualization"
                }, 
                {
                    "id": "63ef5338-fdf2-488e-b78a-f0e98daccc95", 
                    "name": "panel_39", 
                    "type": "visualization"
                }, 
                {
                    "id": "2dca3025-692c-4876-8bcc-e0b248dc9819", 
                    "name": "panel_40", 
                    "type": "visualization"
                }
            ], 
            "type": "dashboard", 
            "updated_at": "2019-07-11T04:44:38.685Z", 
            "version": "WzM0NjIsMV0="
        }, 
        {
            "attributes": {
                "description": "", 
                "kibanaSavedObjectMeta": {
                    "searchSourceJSON": "{\"filter\": [], \"query\": {\"query_string\": {\"query\": \"*\"}}}"
                }, 
                "title": "Autonomous Systems (bytes) [Filebeat Netflow]", 
                "uiStateJSON": "{}", 
                "version": 1, 
                "visState": "{\"type\": \"timelion\", \"listeners\": {}, \"params\": {\"interval\": \"auto\", \"expression\": \".es(index=\\\"filebeat-*\\\", metric=\\\"sum:network.bytes\\\", split=\\\"destination.as.organization.name:10\\\", kibana=true).scale_interval(1s).fit(mode=scale).if(operator=\\\"lt\\\", if=0, then=0).trim(start=2,end=1).label(regex=\\\"^.* destination.as.organization.name:(.+) > .*$\\\", label=\\\"$1\\\").lines(width=1, stack=true, fill=1).yaxis(label=\\\"bytes / sec\\\", min=0)\"}, \"aggs\": [], \"title\": \"Autonomous Systems (bytes) [Filebeat Netflow]\"}"
            }, 
            "id": "abfa0b19-60cd-4984-9c3d-02ebf0aa1dfb", 
            "migrationVersion": {
                "visualization": "7.2.0"
            }, 
            "references": [], 
            "type": "visualization", 
            "updated_at": "2019-07-11T04:44:38.685Z", 
            "version": "WzM0NjMsMV0="
        }, 
        {
            "attributes": {
                "description": "", 
                "kibanaSavedObjectMeta": {
                    "searchSourceJSON": "{\"filter\": [], \"query\": {\"query_string\": {\"analyze_wildcard\": true, \"query\": \"*\"}}}"
                }, 
                "title": "Dashboard Navigation [Filebeat Netflow]", 
                "uiStateJSON": "{}", 
                "version": 1, 
                "visState": "{\"type\": \"markdown\", \"listeners\": {}, \"params\": {\"markdown\": \"[Overview](#/dashboard/34e26884-161a-4448-9556-43b5bf2f62a2) | [Conversation Partners](#/dashboard/acd7a630-0c71-4840-bc9e-4a3801374a32) | [Traffic Analysis](#/dashboard/38012abe-c611-4124-8497-381fcd85acc8) | [Top-N](#/dashboard/14387a13-53bc-43a4-b9cd-63977aa8d87c) | [Geo Location](#/dashboard/77326664-23be-4bf1-a126-6d7e60cfc024) | [Autonomous Systems](#/dashboard/c64665f9-d222-421e-90b0-c7310d944b8a) | [Flow Exporters](#/dashboard/feebb4e6-b13e-4e4e-b9fc-d3a178276425) | [Raw Flow Records](#/dashboard/94972700-de4a-4272-9143-2fa8d4981365)\\n***\"}, \"aggs\": [], \"title\": \"Dashboard Navigation [Filebeat Netflow]\"}"
            }, 
            "id": "d4e6520a-9ced-47c9-a8f2-7246e8cbd2d3", 
            "migrationVersion": {
                "visualization": "7.2.0"
            }, 
            "references": [], 
            "type": "visualization", 
            "updated_at": "2019-07-11T04:44:38.685Z", 
            "version": "WzM0NjQsMV0="
        }, 
        {
            "attributes": {
                "description": "", 
                "kibanaSavedObjectMeta": {
                    "searchSourceJSON": "{\"filter\": [], \"query\": {\"query_string\": {\"query\": \"*\"}}}"
                }, 
                "title": "Cities (bytes) [Filebeat Netflow]", 
                "uiStateJSON": "{}", 
                "version": 1, 
                "visState": "{\"type\": \"timelion\", \"listeners\": {}, \"params\": {\"interval\": \"auto\", \"expression\": \".es(index=\\\"filebeat-*\\\", metric=\\\"sum:network.bytes\\\", split=\\\"destination.geo.city_name:10\\\", kibana=true).scale_interval(1s).fit(mode=scale).if(operator=\\\"lt\\\", if=0, then=0).trim(start=2,end=1).label(regex=\\\"^.* destination.geo.city_name:(.+) > .*$\\\", label=\\\"$1\\\").lines(width=1, stack=true, fill=1).yaxis(label=\\\"bytes / sec\\\", min=0)\"}, \"aggs\": [], \"title\": \"Cities (bytes) [Filebeat Netflow]\"}"
            }, 
            "id": "1e74d5cb-556d-42ee-8042-88f6c1af47f0", 
            "migrationVersion": {
                "visualization": "7.2.0"
            }, 
            "references": [], 
            "type": "visualization", 
            "updated_at": "2019-07-11T04:44:38.685Z", 
            "version": "WzM0NjUsMV0="
        }, 
        {
            "attributes": {
                "description": "", 
                "kibanaSavedObjectMeta": {
                    "searchSourceJSON": "{\"filter\": [], \"query\": {\"query_string\": {\"query\": \"*\"}}}"
                }, 
                "title": "Countries (bytes) [Filebeat Netflow]", 
                "uiStateJSON": "{}", 
                "version": 1, 
                "visState": "{\"type\": \"timelion\", \"listeners\": {}, \"params\": {\"interval\": \"auto\", \"expression\": \".es(index=\\\"filebeat-*\\\", metric=\\\"sum:network.bytes\\\", split=\\\"destination.geo.country_name:10\\\", kibana=true).scale_interval(1s).fit(mode=scale).if(operator=\\\"lt\\\", if=0, then=0).trim(start=2,end=1).label(regex=\\\"^.* destination.geo.country_name:(.+) > .*$\\\", label=\\\"$1\\\").lines(width=1, stack=true, fill=1).yaxis(label=\\\"bytes / sec\\\", min=0)\"}, \"aggs\": [], \"title\": \"Countries (bytes) [Filebeat Netflow]\"}"
            }, 
            "id": "5cfb2c9a-4815-4a25-9d7e-ab0ef55ffe63", 
            "migrationVersion": {
                "visualization": "7.2.0"
            }, 
            "references": [], 
            "type": "visualization", 
            "updated_at": "2019-07-11T04:44:38.685Z", 
            "version": "WzM0NjYsMV0="
        }, 
        {
            "attributes": {
                "description": "", 
                "kibanaSavedObjectMeta": {
                    "searchSourceJSON": "{\"filter\": [], \"query\": {\"query_string\": {\"query\": \"*\"}}}"
                }, 
                "title": "Destination Ports (bytes) [Filebeat Netflow]", 
                "uiStateJSON": "{}", 
                "version": 1, 
                "visState": "{\"type\": \"timelion\", \"listeners\": {}, \"params\": {\"interval\": \"auto\", \"expression\": \".es(index=\\\"filebeat-*\\\", metric=\\\"sum:network.bytes\\\", split=\\\"destination.port:10\\\", kibana=true).scale_interval(1s).fit(mode=scale).if(operator=\\\"lt\\\", if=0, then=0).trim(start=2,end=1).label(regex=\\\"^.* destination.port:(.+) > .*$\\\", label=\\\"$1\\\").lines(width=1, stack=true, fill=1).yaxis(label=\\\"bytes / sec\\\", min=0)\"}, \"aggs\": [], \"title\": \"Destination Ports (bytes) [Filebeat Netflow]\"}"
            }, 
            "id": "3e27fb83-b3e3-4c15-b999-ed6da49b7a86", 
            "migrationVersion": {
                "visualization": "7.2.0"
            }, 
            "references": [], 
            "type": "visualization", 
            "updated_at": "2019-07-11T04:44:38.685Z", 
            "version": "WzM0NjcsMV0="
        }, 
        {
            "attributes": {
                "description": "", 
                "kibanaSavedObjectMeta": {
                    "searchSourceJSON": "{\"filter\": [], \"query\": {\"query_string\": {\"query\": \"*\"}}}"
                }, 
                "title": "TCP Flags (bytes) [Filebeat Netflow]", 
                "uiStateJSON": "{}", 
                "version": 1, 
                "visState": "{\"type\": \"timelion\", \"listeners\": {}, \"params\": {\"interval\": \"auto\", \"expression\": \".es(index=\\\"filebeat-*\\\", metric=\\\"sum:network.bytes\\\", split=\\\"netflow.tcp_control_bits:10\\\", kibana=true).scale_interval(1s).fit(mode=scale).if(operator=\\\"lt\\\", if=0, then=0).trim(start=2,end=1).label(regex=\\\"^.* netflow.tcp_control_bits:(.+) > .*$\\\", label=\\\"$1\\\").lines(width=1, stack=true, fill=1).yaxis(label=\\\"bytes / sec\\\", min=0)\"}, \"aggs\": [], \"title\": \"TCP Flags (bytes) [Filebeat Netflow]\"}"
            }, 
            "id": "5d868836-c7b2-4812-bf47-4838aac281d9", 
            "migrationVersion": {
                "visualization": "7.2.0"
            }, 
            "references": [], 
            "type": "visualization", 
            "updated_at": "2019-07-11T04:44:38.685Z", 
            "version": "WzM0NjgsMV0="
        }, 
        {
            "attributes": {
                "description": "", 
                "kibanaSavedObjectMeta": {
                    "searchSourceJSON": "{\"filter\": [], \"query\": {\"query_string\": {\"query\": \"*\"}}}"
                }, 
                "title": "VLANs (bytes) [Filebeat Netflow]", 
                "uiStateJSON": "{}", 
                "version": 1, 
                "visState": "{\"type\": \"timelion\", \"listeners\": {}, \"params\": {\"interval\": \"auto\", \"expression\": \".es(index=\\\"filebeat-*\\\", metric=\\\"sum:network.bytes\\\", split=\\\"netflow.vlan_id:10\\\", kibana=true).scale_interval(1s).fit(mode=scale).if(operator=\\\"lt\\\", if=0, then=0).trim(start=2,end=1).label(regex=\\\"^.* netflow.vlan_id:(.+) > .*$\\\", label=\\\"$1\\\").lines(width=1, stack=true, fill=1).yaxis(label=\\\"bytes / sec\\\", min=0)\"}, \"aggs\": [], \"title\": \"VLANs (bytes) [Filebeat Netflow]\"}"
            }, 
            "id": "a5efa3dd-f53a-4d14-9d3f-ee73345fd93d", 
            "migrationVersion": {
                "visualization": "7.2.0"
            }, 
            "references": [], 
            "type": "visualization", 
            "updated_at": "2019-07-11T04:44:38.685Z", 
            "version": "WzM0NjksMV0="
        }, 
        {
            "attributes": {
                "description": "", 
                "kibanaSavedObjectMeta": {
                    "searchSourceJSON": "{\"filter\": [], \"query\": {\"query_string\": {\"query\": \"*\"}}}"
                }, 
                "title": "Types of Service (bytes) [Filebeat Netflow]", 
                "uiStateJSON": "{}", 
                "version": 1, 
                "visState": "{\"type\": \"timelion\", \"listeners\": {}, \"params\": {\"interval\": \"auto\", \"expression\": \".es(index=\\\"filebeat-*\\\", metric=\\\"sum:network.bytes\\\", split=\\\"netflow.ip_class_of_service:10\\\", kibana=true).scale_interval(1s).fit(mode=scale).if(operator=\\\"lt\\\", if=0, then=0).trim(start=2,end=1).label(regex=\\\"^.* netflow.ip_class_of_service:(.+) > .*$\\\", label=\\\"$1\\\").lines(width=1, stack=true, fill=1).yaxis(label=\\\"bytes / sec\\\", min=0)\"}, \"aggs\": [], \"title\": \"Types of Service (bytes) [Filebeat Netflow]\"}"
            }, 
            "id": "717cd7c7-bfca-435d-8ee7-38259927aade", 
            "migrationVersion": {
                "visualization": "7.2.0"
            }, 
            "references": [], 
            "type": "visualization", 
            "updated_at": "2019-07-11T04:44:38.685Z", 
            "version": "WzM0NzAsMV0="
        }, 
        {
            "attributes": {
                "description": "", 
                "kibanaSavedObjectMeta": {
                    "searchSourceJSON": "{\"filter\": [], \"query\": {\"query_string\": {\"query\": \"*\"}}}"
                }, 
                "title": "Source Ports (bytes) [Filebeat Netflow]", 
                "uiStateJSON": "{}", 
                "version": 1, 
                "visState": "{\"type\": \"timelion\", \"listeners\": {}, \"params\": {\"interval\": \"auto\", \"expression\": \".es(index=\\\"filebeat-*\\\", metric=\\\"sum:network.bytes\\\", split=\\\"source.port:10\\\", kibana=true).scale_interval(1s).fit(mode=scale).if(operator=\\\"lt\\\", if=0, then=0).trim(start=2,end=1).label(regex=\\\"^.* source.port:(.+) > .*$\\\", label=\\\"$1\\\").lines(width=1, stack=true, fill=1).yaxis(label=\\\"bytes / sec\\\", min=0)\"}, \"aggs\": [], \"title\": \"Source Ports (bytes) [Filebeat Netflow]\"}"
            }, 
            "id": "f668ecdb-eec7-44c6-9060-26aaf9fc8404", 
            "migrationVersion": {
                "visualization": "7.2.0"
            }, 
            "references": [], 
            "type": "visualization", 
            "updated_at": "2019-07-11T04:44:38.685Z", 
            "version": "WzM0NzEsMV0="
        }, 
        {
            "attributes": {
                "description": "", 
                "kibanaSavedObjectMeta": {
                    "searchSourceJSON": "{\"filter\": [], \"query\": {\"query_string\": {\"query\": \"*\"}}}"
                }, 
                "title": "Sources (bytes) [Filebeat Netflow]", 
                "uiStateJSON": "{}", 
                "version": 1, 
                "visState": "{\"type\": \"timelion\", \"listeners\": {}, \"params\": {\"interval\": \"auto\", \"expression\": \".es(index=\\\"filebeat-*\\\", metric=\\\"sum:network.bytes\\\", split=\\\"source.ip:10\\\", kibana=true).scale_interval(1s).fit(mode=scale).if(operator=\\\"lt\\\", if=0, then=0).trim(start=2,end=1).label(regex=\\\"^.* source.ip:(.+) > .*$\\\", label=\\\"$1\\\").lines(width=1, stack=true, fill=1).yaxis(label=\\\"bytes / sec\\\", min=0)\"}, \"aggs\": [], \"title\": \"Sources (bytes) [Filebeat Netflow]\"}"
            }, 
            "id": "6bbd6712-494a-4fd9-b3d3-757304681f0f", 
            "migrationVersion": {
                "visualization": "7.2.0"
            }, 
            "references": [], 
            "type": "visualization", 
            "updated_at": "2019-07-11T04:44:38.685Z", 
            "version": "WzM0NzIsMV0="
        }, 
        {
            "attributes": {
                "description": "", 
                "kibanaSavedObjectMeta": {
                    "searchSourceJSON": "{\"filter\": [], \"query\": {\"query_string\": {\"query\": \"*\"}}}"
                }, 
                "title": "Destinations (bytes) [Filebeat Netflow]", 
                "uiStateJSON": "{}", 
                "version": 1, 
                "visState": "{\"type\": \"timelion\", \"listeners\": {}, \"params\": {\"interval\": \"auto\", \"expression\": \".es(index=\\\"filebeat-*\\\", metric=\\\"sum:network.bytes\\\", split=\\\"destination.ip:10\\\", kibana=true).scale_interval(1s).fit(mode=scale).if(operator=\\\"lt\\\", if=0, then=0).trim(start=2,end=1).label(regex=\\\"^.* destination.ip:(.+) > .*$\\\", label=\\\"$1\\\").lines(width=1, stack=true, fill=1).yaxis(label=\\\"bytes / sec\\\", min=0)\"}, \"aggs\": [], \"title\": \"Destinations (bytes) [Filebeat Netflow]\"}"
            }, 
            "id": "681f0ce4-d828-4a99-b643-0c0715530050", 
            "migrationVersion": {
                "visualization": "7.2.0"
            }, 
            "references": [], 
            "type": "visualization", 
            "updated_at": "2019-07-11T04:44:38.685Z", 
            "version": "WzM0NzMsMV0="
        }, 
        {
            "attributes": {
                "description": "", 
                "kibanaSavedObjectMeta": {
                    "searchSourceJSON": "{\"filter\": [], \"query\": {\"query_string\": {\"analyze_wildcard\": true, \"query\": \"*\"}}, \"indexRefName\": \"kibanaSavedObjectMeta.searchSourceJSON.index\"}"
                }, 
                "title": "Sources (bytes) [Filebeat Netflow]", 
                "uiStateJSON": "{}", 
                "version": 1, 
                "visState": "{\"type\": \"pie\", \"listeners\": {}, \"params\": {\"legendPosition\": \"right\", \"isDonut\": true, \"addTooltip\": true, \"addLegend\": true}, \"aggs\": [{\"params\": {\"field\": \"network.bytes\", \"customLabel\": \"Bytes\"}, \"type\": \"sum\", \"enabled\": true, \"id\": \"1\", \"schema\": \"metric\"}, {\"params\": {\"orderBy\": \"1\", \"field\": \"source.ip\", \"customLabel\": \"Source\", \"order\": \"desc\", \"size\": 50}, \"type\": \"terms\", \"enabled\": true, \"id\": \"2\", \"schema\": \"segment\"}], \"title\": \"Sources (bytes) [Filebeat Netflow]\"}"
            }, 
            "id": "fd6c1144-5026-4795-b7af-a9aa3fc28c56", 
            "migrationVersion": {
                "visualization": "7.2.0"
            }, 
            "references": [
                {
                    "id": "filebeat-*", 
                    "name": "kibanaSavedObjectMeta.searchSourceJSON.index", 
                    "type": "index-pattern"
                }
            ], 
            "type": "visualization", 
            "updated_at": "2019-07-11T04:44:38.685Z", 
            "version": "WzM0NzQsMV0="
        }, 
        {
            "attributes": {
                "description": "", 
                "kibanaSavedObjectMeta": {
                    "searchSourceJSON": "{\"filter\": [], \"query\": {\"query_string\": {\"analyze_wildcard\": true, \"query\": \"*\"}}, \"indexRefName\": \"kibanaSavedObjectMeta.searchSourceJSON.index\"}"
                }, 
                "title": "Source Ports (bytes) [Filebeat Netflow]", 
                "uiStateJSON": "{}", 
                "version": 1, 
                "visState": "{\"type\": \"pie\", \"listeners\": {}, \"params\": {\"legendPosition\": \"right\", \"isDonut\": true, \"addTooltip\": true, \"addLegend\": true}, \"aggs\": [{\"params\": {\"field\": \"network.bytes\", \"customLabel\": \"Bytes\"}, \"type\": \"sum\", \"enabled\": true, \"id\": \"1\", \"schema\": \"metric\"}, {\"params\": {\"orderBy\": \"1\", \"field\": \"source.port\", \"customLabel\": \"Source Port\", \"order\": \"desc\", \"size\": 50}, \"type\": \"terms\", \"enabled\": true, \"id\": \"2\", \"schema\": \"segment\"}], \"title\": \"Source Ports (bytes) [Filebeat Netflow]\"}"
            }, 
            "id": "0b2818fd-aecc-4bef-b566-9466eb702ae4", 
            "migrationVersion": {
                "visualization": "7.2.0"
            }, 
            "references": [
                {
                    "id": "filebeat-*", 
                    "name": "kibanaSavedObjectMeta.searchSourceJSON.index", 
                    "type": "index-pattern"
                }
            ], 
            "type": "visualization", 
            "updated_at": "2019-07-11T04:44:38.685Z", 
            "version": "WzM0NzUsMV0="
        }, 
        {
            "attributes": {
                "description": "", 
                "kibanaSavedObjectMeta": {
                    "searchSourceJSON": "{\"filter\": [], \"query\": {\"query_string\": {\"analyze_wildcard\": true, \"query\": \"*\"}}, \"indexRefName\": \"kibanaSavedObjectMeta.searchSourceJSON.index\"}"
                }, 
                "title": "Destinations (bytes) [Filebeat Netflow]", 
                "uiStateJSON": "{}", 
                "version": 1, 
                "visState": "{\"type\": \"pie\", \"listeners\": {}, \"params\": {\"legendPosition\": \"right\", \"isDonut\": true, \"addTooltip\": true, \"addLegend\": true}, \"aggs\": [{\"params\": {\"field\": \"network.bytes\", \"customLabel\": \"Bytes\"}, \"type\": \"sum\", \"enabled\": true, \"id\": \"1\", \"schema\": \"metric\"}, {\"params\": {\"orderBy\": \"1\", \"field\": \"destination.ip\", \"customLabel\": \"Destination\", \"order\": \"desc\", \"size\": 50}, \"type\": \"terms\", \"enabled\": true, \"id\": \"2\", \"schema\": \"segment\"}], \"title\": \"Destinations (bytes) [Filebeat Netflow]\"}"
            }, 
            "id": "248e00b4-8fc2-406f-8907-729d5380aaa7", 
            "migrationVersion": {
                "visualization": "7.2.0"
            }, 
            "references": [
                {
                    "id": "filebeat-*", 
                    "name": "kibanaSavedObjectMeta.searchSourceJSON.index", 
                    "type": "index-pattern"
                }
            ], 
            "type": "visualization", 
            "updated_at": "2019-07-11T04:44:38.685Z", 
            "version": "WzM0NzYsMV0="
        }, 
        {
            "attributes": {
                "description": "", 
                "kibanaSavedObjectMeta": {
                    "searchSourceJSON": "{\"filter\": [], \"query\": {\"query_string\": {\"analyze_wildcard\": true, \"query\": \"*\"}}, \"indexRefName\": \"kibanaSavedObjectMeta.searchSourceJSON.index\"}"
                }, 
                "title": "Destination Ports (bytes) [Filebeat Netflow]", 
                "uiStateJSON": "{}", 
                "version": 1, 
                "visState": "{\"type\": \"pie\", \"listeners\": {}, \"params\": {\"legendPosition\": \"right\", \"isDonut\": true, \"addTooltip\": true, \"addLegend\": true}, \"aggs\": [{\"params\": {\"field\": \"network.bytes\", \"customLabel\": \"Bytes\"}, \"type\": \"sum\", \"enabled\": true, \"id\": \"1\", \"schema\": \"metric\"}, {\"params\": {\"orderBy\": \"1\", \"field\": \"destination.port\", \"customLabel\": \"Destination Port\", \"order\": \"desc\", \"size\": 50}, \"type\": \"terms\", \"enabled\": true, \"id\": \"2\", \"schema\": \"segment\"}], \"title\": \"Destination Ports (bytes) [Filebeat Netflow]\"}"
            }, 
            "id": "cf399a85-e348-4ac1-a399-e8f5a44114c4", 
            "migrationVersion": {
                "visualization": "7.2.0"
            }, 
            "references": [
                {
                    "id": "filebeat-*", 
                    "name": "kibanaSavedObjectMeta.searchSourceJSON.index", 
                    "type": "index-pattern"
                }
            ], 
            "type": "visualization", 
            "updated_at": "2019-07-11T04:44:38.685Z", 
            "version": "WzM0NzcsMV0="
        }, 
        {
            "attributes": {
                "description": "", 
                "kibanaSavedObjectMeta": {
                    "searchSourceJSON": "{\"filter\": [], \"query\": {\"query_string\": {\"analyze_wildcard\": true, \"query\": \"*\"}}, \"indexRefName\": \"kibanaSavedObjectMeta.searchSourceJSON.index\"}"
                }, 
                "title": "Types of Service (bytes) [Filebeat Netflow]", 
                "uiStateJSON": "{}", 
                "version": 1, 
                "visState": "{\"type\": \"pie\", \"listeners\": {}, \"params\": {\"legendPosition\": \"right\", \"isDonut\": true, \"addTooltip\": true, \"addLegend\": true}, \"aggs\": [{\"params\": {\"field\": \"network.bytes\", \"customLabel\": \"Bytes\"}, \"type\": \"sum\", \"enabled\": true, \"id\": \"1\", \"schema\": \"metric\"}, {\"params\": {\"orderBy\": \"1\", \"field\": \"netflow.ip_class_of_service\", \"customLabel\": \"Type of Service\", \"order\": \"desc\", \"size\": 50}, \"type\": \"terms\", \"enabled\": true, \"id\": \"2\", \"schema\": \"segment\"}], \"title\": \"Types of Service (bytes) [Filebeat Netflow]\"}"
            }, 
            "id": "1cf30eac-aae8-47fa-a156-37f6346d2d5a", 
            "migrationVersion": {
                "visualization": "7.2.0"
            }, 
            "references": [
                {
                    "id": "filebeat-*", 
                    "name": "kibanaSavedObjectMeta.searchSourceJSON.index", 
                    "type": "index-pattern"
                }
            ], 
            "type": "visualization", 
            "updated_at": "2019-07-11T04:44:38.685Z", 
            "version": "WzM0NzgsMV0="
        }, 
        {
            "attributes": {
                "description": "", 
                "kibanaSavedObjectMeta": {
                    "searchSourceJSON": "{\"filter\": [], \"query\": {\"query_string\": {\"analyze_wildcard\": true, \"query\": \"*\"}}, \"indexRefName\": \"kibanaSavedObjectMeta.searchSourceJSON.index\"}"
                }, 
                "title": "VLANs (bytes) [Filebeat Netflow]", 
                "uiStateJSON": "{}", 
                "version": 1, 
                "visState": "{\"type\": \"pie\", \"listeners\": {}, \"params\": {\"legendPosition\": \"right\", \"isDonut\": true, \"addTooltip\": true, \"addLegend\": true}, \"aggs\": [{\"params\": {\"field\": \"network.bytes\", \"customLabel\": \"Bytes\"}, \"type\": \"sum\", \"enabled\": true, \"id\": \"1\", \"schema\": \"metric\"}, {\"params\": {\"orderBy\": \"1\", \"field\": \"netflow.vlan_id\", \"customLabel\": \"VLAN\", \"order\": \"desc\", \"size\": 50}, \"type\": \"terms\", \"enabled\": true, \"id\": \"2\", \"schema\": \"segment\"}], \"title\": \"VLANs (bytes) [Filebeat Netflow]\"}"
            }, 
            "id": "7fa6cb0a-518d-46e9-a228-15cd4253a957", 
            "migrationVersion": {
                "visualization": "7.2.0"
            }, 
            "references": [
                {
                    "id": "filebeat-*", 
                    "name": "kibanaSavedObjectMeta.searchSourceJSON.index", 
                    "type": "index-pattern"
                }
            ], 
            "type": "visualization", 
            "updated_at": "2019-07-11T04:44:38.685Z", 
            "version": "WzM0NzksMV0="
        }, 
        {
            "attributes": {
                "description": "", 
                "kibanaSavedObjectMeta": {
                    "searchSourceJSON": "{\"filter\": [], \"query\": {\"query_string\": {\"analyze_wildcard\": true, \"query\": \"*\"}}, \"indexRefName\": \"kibanaSavedObjectMeta.searchSourceJSON.index\"}"
                }, 
                "title": "TCP Flags (bytes) [Filebeat Netflow]", 
                "uiStateJSON": "{}", 
                "version": 1, 
                "visState": "{\"type\": \"pie\", \"listeners\": {}, \"params\": {\"legendPosition\": \"right\", \"isDonut\": true, \"addTooltip\": true, \"addLegend\": true}, \"aggs\": [{\"params\": {\"field\": \"network.bytes\", \"customLabel\": \"Bytes\"}, \"type\": \"sum\", \"enabled\": true, \"id\": \"1\", \"schema\": \"metric\"}, {\"params\": {\"orderBy\": \"1\", \"field\": \"netflow.tcp_control_bits\", \"customLabel\": \"TCP Flags\", \"order\": \"desc\", \"size\": 255}, \"type\": \"terms\", \"enabled\": true, \"id\": \"2\", \"schema\": \"segment\"}], \"title\": \"TCP Flags (bytes) [Filebeat Netflow]\"}"
            }, 
            "id": "57e13a20-e94f-4465-a942-42148634a1d2", 
            "migrationVersion": {
                "visualization": "7.2.0"
            }, 
            "references": [
                {
                    "id": "filebeat-*", 
                    "name": "kibanaSavedObjectMeta.searchSourceJSON.index", 
                    "type": "index-pattern"
                }
            ], 
            "type": "visualization", 
            "updated_at": "2019-07-11T04:44:38.685Z", 
            "version": "WzM0ODAsMV0="
        }, 
        {
            "attributes": {
                "description": "", 
                "kibanaSavedObjectMeta": {
                    "searchSourceJSON": "{\"filter\": [], \"query\": {\"query_string\": {\"analyze_wildcard\": true, \"query\": \"*\"}}, \"indexRefName\": \"kibanaSavedObjectMeta.searchSourceJSON.index\"}"
                }, 
                "title": "Autonomous Systems (bytes) [Filebeat Netflow]", 
                "uiStateJSON": "{}", 
                "version": 1, 
                "visState": "{\"type\": \"pie\", \"listeners\": {}, \"params\": {\"legendPosition\": \"right\", \"isDonut\": true, \"addTooltip\": true, \"addLegend\": true}, \"aggs\": [{\"params\": {\"field\": \"network.bytes\", \"customLabel\": \"Bytes\"}, \"type\": \"sum\", \"enabled\": true, \"id\": \"1\", \"schema\": \"metric\"}, {\"params\": {\"orderBy\": \"1\", \"field\": \"destination.as.organization.name\", \"customLabel\": \"Autonomous System\", \"order\": \"desc\", \"size\": 50}, \"type\": \"terms\", \"enabled\": true, \"id\": \"2\", \"schema\": \"segment\"}], \"title\": \"Autonomous Systems (bytes) [Filebeat Netflow]\"}"
            }, 
            "id": "f772028b-d5a6-4d55-b441-493871981a60", 
            "migrationVersion": {
                "visualization": "7.2.0"
            }, 
            "references": [
                {
                    "id": "filebeat-*", 
                    "name": "kibanaSavedObjectMeta.searchSourceJSON.index", 
                    "type": "index-pattern"
                }
            ], 
            "type": "visualization", 
            "updated_at": "2019-07-11T04:44:38.685Z", 
            "version": "WzM0ODEsMV0="
        }, 
        {
            "attributes": {
                "description": "", 
                "kibanaSavedObjectMeta": {
                    "searchSourceJSON": "{\"filter\": [], \"query\": {\"query_string\": {\"analyze_wildcard\": true, \"query\": \"*\"}}, \"indexRefName\": \"kibanaSavedObjectMeta.searchSourceJSON.index\"}"
                }, 
                "title": "Countries (bytes) [Filebeat Netflow]", 
                "uiStateJSON": "{}", 
                "version": 1, 
                "visState": "{\"type\": \"pie\", \"listeners\": {}, \"params\": {\"legendPosition\": \"right\", \"isDonut\": true, \"addTooltip\": true, \"addLegend\": true}, \"aggs\": [{\"params\": {\"field\": \"network.bytes\", \"customLabel\": \"Bytes\"}, \"type\": \"sum\", \"enabled\": true, \"id\": \"1\", \"schema\": \"metric\"}, {\"params\": {\"orderBy\": \"1\", \"field\": \"destination.geo.country_name\", \"customLabel\": \"Country\", \"order\": \"desc\", \"size\": 50}, \"type\": \"terms\", \"enabled\": true, \"id\": \"2\", \"schema\": \"segment\"}], \"title\": \"Countries (bytes) [Filebeat Netflow]\"}"
            }, 
            "id": "a14c3248-952d-42aa-bd7d-9b39157a776f", 
            "migrationVersion": {
                "visualization": "7.2.0"
            }, 
            "references": [
                {
                    "id": "filebeat-*", 
                    "name": "kibanaSavedObjectMeta.searchSourceJSON.index", 
                    "type": "index-pattern"
                }
            ], 
            "type": "visualization", 
            "updated_at": "2019-07-11T04:44:38.685Z", 
            "version": "WzM0ODIsMV0="
        }, 
        {
            "attributes": {
                "description": "", 
                "kibanaSavedObjectMeta": {
                    "searchSourceJSON": "{\"filter\": [], \"query\": {\"query_string\": {\"analyze_wildcard\": true, \"query\": \"*\"}}, \"indexRefName\": \"kibanaSavedObjectMeta.searchSourceJSON.index\"}"
                }, 
                "title": "Cities (bytes) [Filebeat Netflow]", 
                "uiStateJSON": "{}", 
                "version": 1, 
                "visState": "{\"type\": \"pie\", \"listeners\": {}, \"params\": {\"legendPosition\": \"right\", \"isDonut\": true, \"addTooltip\": true, \"addLegend\": true}, \"aggs\": [{\"params\": {\"field\": \"network.bytes\", \"customLabel\": \"Bytes\"}, \"type\": \"sum\", \"enabled\": true, \"id\": \"1\", \"schema\": \"metric\"}, {\"params\": {\"orderBy\": \"1\", \"field\": \"destination.geo.city_name\", \"customLabel\": \"City\", \"order\": \"desc\", \"size\": 50}, \"type\": \"terms\", \"enabled\": true, \"id\": \"2\", \"schema\": \"segment\"}], \"title\": \"Cities (bytes) [Filebeat Netflow]\"}"
            }, 
            "id": "a685420e-c45f-4b62-932b-5b76ac8b8ca2", 
            "migrationVersion": {
                "visualization": "7.2.0"
            }, 
            "references": [
                {
                    "id": "filebeat-*", 
                    "name": "kibanaSavedObjectMeta.searchSourceJSON.index", 
                    "type": "index-pattern"
                }
            ], 
            "type": "visualization", 
            "updated_at": "2019-07-11T04:44:38.685Z", 
            "version": "WzM0ODMsMV0="
        }, 
        {
            "attributes": {
                "description": "", 
                "kibanaSavedObjectMeta": {
                    "searchSourceJSON": "{\"filter\": [], \"query\": {\"query_string\": {\"query\": \"*\"}}}"
                }, 
                "title": "Sources (packets) [Filebeat Netflow]", 
                "uiStateJSON": "{}", 
                "version": 1, 
                "visState": "{\"type\": \"timelion\", \"listeners\": {}, \"params\": {\"interval\": \"auto\", \"expression\": \".es(index=\\\"filebeat-*\\\", metric=\\\"sum:network.packets\\\", split=\\\"source.ip:10\\\", kibana=true).scale_interval(1s).fit(mode=scale).if(operator=\\\"lt\\\", if=0, then=0).trim(start=2,end=1).label(regex=\\\"^.* source.ip:(.+) > .*$\\\", label=\\\"$1\\\").lines(width=1, stack=true, fill=1).yaxis(label=\\\"packets / sec\\\", min=0)\"}, \"aggs\": [], \"title\": \"Sources (packets) [Filebeat Netflow]\"}"
            }, 
            "id": "0528bc66-6981-400a-a02d-c1d221b38890", 
            "migrationVersion": {
                "visualization": "7.2.0"
            }, 
            "references": [], 
            "type": "visualization", 
            "updated_at": "2019-07-11T04:44:38.685Z", 
            "version": "WzM0ODQsMV0="
        }, 
        {
            "attributes": {
                "description": "", 
                "kibanaSavedObjectMeta": {
                    "searchSourceJSON": "{\"filter\": [], \"query\": {\"query_string\": {\"analyze_wildcard\": true, \"query\": \"*\"}}, \"indexRefName\": \"kibanaSavedObjectMeta.searchSourceJSON.index\"}"
                }, 
                "title": "Destination Count [Filebeat Netflow]", 
                "uiStateJSON": "{}", 
                "version": 1, 
                "visState": "{\"type\": \"metric\", \"listeners\": {}, \"params\": {\"handleNoResults\": true, \"fontSize\": \"32\"}, \"aggs\": [{\"params\": {\"field\": \"destination.ip\", \"customLabel\": \"Destinations\"}, \"type\": \"cardinality\", \"enabled\": true, \"id\": \"1\", \"schema\": \"metric\"}], \"title\": \"Destination Count [Filebeat Netflow]\"}"
            }, 
            "id": "e99dc327-03de-4561-9e0c-f550710125c2", 
            "migrationVersion": {
                "visualization": "7.2.0"
            }, 
            "references": [
                {
                    "id": "filebeat-*", 
                    "name": "kibanaSavedObjectMeta.searchSourceJSON.index", 
                    "type": "index-pattern"
                }
            ], 
            "type": "visualization", 
            "updated_at": "2019-07-11T04:44:38.685Z", 
            "version": "WzM0ODUsMV0="
        }, 
        {
            "attributes": {
                "description": "", 
                "kibanaSavedObjectMeta": {
                    "searchSourceJSON": "{\"filter\": [], \"query\": {\"query_string\": {\"analyze_wildcard\": true, \"query\": \"*\"}}, \"indexRefName\": \"kibanaSavedObjectMeta.searchSourceJSON.index\"}"
                }, 
                "title": "Source Count [Filebeat Netflow]", 
                "uiStateJSON": "{\"vis\": {\"defaultColors\": {\"0 - 100\": \"rgb(0,104,55)\"}}}", 
                "version": 1, 
                "visState": "{\"type\": \"metric\", \"listeners\": {}, \"params\": {\"addTooltip\": true, \"addLegend\": false, \"fontSize\": \"32\", \"handleNoResults\": true, \"gauge\": {\"useRange\": false, \"gaugeType\": \"Metric\", \"style\": {\"bgFill\": \"#000\", \"bgColor\": false, \"fontSize\": \"36\", \"subText\": \"\", \"labelColor\": false}, \"colorSchema\": \"Green to Red\", \"invertColors\": false, \"orientation\": \"vertical\", \"gaugeStyle\": \"Full\", \"autoExtend\": false, \"labels\": {\"color\": \"black\", \"show\": true}, \"backStyle\": \"Full\", \"colorsRange\": [{\"to\": 100, \"from\": 0}], \"scale\": {\"color\": \"#333\", \"width\": 2, \"labels\": false, \"show\": false}, \"verticalSplit\": false, \"percentageMode\": false, \"type\": \"simple\", \"gaugeColorMode\": \"None\"}, \"type\": \"gauge\"}, \"aggs\": [{\"params\": {\"field\": \"source.ip\", \"customLabel\": \"Sources\"}, \"type\": \"cardinality\", \"enabled\": true, \"id\": \"1\", \"schema\": \"metric\"}], \"title\": \"Source Count [Filebeat Netflow]\"}"
            }, 
            "id": "32e712ed-fa15-4db7-8575-8476e8d65b03", 
            "migrationVersion": {
                "visualization": "7.2.0"
            }, 
            "references": [
                {
                    "id": "filebeat-*", 
                    "name": "kibanaSavedObjectMeta.searchSourceJSON.index", 
                    "type": "index-pattern"
                }
            ], 
            "type": "visualization", 
            "updated_at": "2019-07-11T04:44:38.685Z", 
            "version": "WzM0ODYsMV0="
        }, 
        {
            "attributes": {
                "description": "", 
                "kibanaSavedObjectMeta": {
                    "searchSourceJSON": "{\"filter\": [], \"query\": {\"query_string\": {\"query\": \"*\"}}}"
                }, 
                "title": "Destinations (packets) [Filebeat Netflow]", 
                "uiStateJSON": "{}", 
                "version": 1, 
                "visState": "{\"type\": \"timelion\", \"listeners\": {}, \"params\": {\"interval\": \"auto\", \"expression\": \".es(index=\\\"filebeat-*\\\", metric=\\\"sum:network.packets\\\", split=\\\"destination.ip:10\\\", kibana=true).scale_interval(1s).fit(mode=scale).if(operator=\\\"lt\\\", if=0, then=0).trim(start=2,end=1).label(regex=\\\"^.* destination.ip:(.+) > .*$\\\", label=\\\"$1\\\").lines(width=1, stack=true, fill=1).yaxis(label=\\\"packets / sec\\\", min=0)\"}, \"aggs\": [], \"title\": \"Destinations (packets) [Filebeat Netflow]\"}"
            }, 
            "id": "d59a031c-70d6-47d7-966d-7fcb805be9be", 
            "migrationVersion": {
                "visualization": "7.2.0"
            }, 
            "references": [], 
            "type": "visualization", 
            "updated_at": "2019-07-11T04:44:38.685Z", 
            "version": "WzM0ODcsMV0="
        }, 
        {
            "attributes": {
                "description": "", 
                "kibanaSavedObjectMeta": {
                    "searchSourceJSON": "{\"filter\": [], \"query\": {\"query_string\": {\"analyze_wildcard\": true, \"query\": \"*\"}}, \"indexRefName\": \"kibanaSavedObjectMeta.searchSourceJSON.index\"}"
                }, 
                "title": "Destination Port Count [Filebeat Netflow]", 
                "uiStateJSON": "{\"vis\": {\"defaultColors\": {\"0 - 100\": \"rgb(0,104,55)\"}}}", 
                "version": 1, 
                "visState": "{\"type\": \"metric\", \"listeners\": {}, \"params\": {\"addTooltip\": true, \"addLegend\": false, \"fontSize\": \"32\", \"handleNoResults\": true, \"gauge\": {\"useRange\": false, \"gaugeType\": \"Metric\", \"style\": {\"bgFill\": \"#000\", \"bgColor\": false, \"fontSize\": \"36\", \"subText\": \"\", \"labelColor\": false}, \"colorSchema\": \"Green to Red\", \"invertColors\": false, \"orientation\": \"vertical\", \"gaugeStyle\": \"Full\", \"autoExtend\": false, \"labels\": {\"color\": \"black\", \"show\": true}, \"backStyle\": \"Full\", \"colorsRange\": [{\"to\": 100, \"from\": 0}], \"scale\": {\"color\": \"#333\", \"width\": 2, \"labels\": false, \"show\": false}, \"verticalSplit\": false, \"percentageMode\": false, \"type\": \"simple\", \"gaugeColorMode\": \"None\"}, \"type\": \"gauge\"}, \"aggs\": [{\"params\": {\"field\": \"destination.port\", \"customLabel\": \"Destination Ports\"}, \"type\": \"cardinality\", \"enabled\": true, \"id\": \"1\", \"schema\": \"metric\"}], \"title\": \"Destination Port Count [Filebeat Netflow]\"}"
            }, 
            "id": "af707b01-29f1-462b-b279-6d2e803f3645", 
            "migrationVersion": {
                "visualization": "7.2.0"
            }, 
            "references": [
                {
                    "id": "filebeat-*", 
                    "name": "kibanaSavedObjectMeta.searchSourceJSON.index", 
                    "type": "index-pattern"
                }
            ], 
            "type": "visualization", 
            "updated_at": "2019-07-11T04:44:38.685Z", 
            "version": "WzM0ODgsMV0="
        }, 
        {
            "attributes": {
                "description": "", 
                "kibanaSavedObjectMeta": {
                    "searchSourceJSON": "{\"filter\": [], \"query\": {\"query_string\": {\"analyze_wildcard\": true, \"query\": \"*\"}}, \"indexRefName\": \"kibanaSavedObjectMeta.searchSourceJSON.index\"}"
                }, 
                "title": "Source Port Count [Filebeat Netflow]", 
                "uiStateJSON": "{\"vis\": {\"defaultColors\": {\"0 - 100\": \"rgb(0,104,55)\"}}}", 
                "version": 1, 
                "visState": "{\"type\": \"metric\", \"listeners\": {}, \"params\": {\"addTooltip\": true, \"addLegend\": false, \"fontSize\": \"32\", \"handleNoResults\": true, \"gauge\": {\"useRange\": false, \"gaugeType\": \"Metric\", \"style\": {\"bgFill\": \"#000\", \"bgColor\": false, \"fontSize\": \"36\", \"subText\": \"\", \"labelColor\": false}, \"colorSchema\": \"Green to Red\", \"invertColors\": false, \"orientation\": \"vertical\", \"gaugeStyle\": \"Full\", \"autoExtend\": false, \"labels\": {\"color\": \"black\", \"show\": true}, \"backStyle\": \"Full\", \"colorsRange\": [{\"to\": 100, \"from\": 0}], \"scale\": {\"color\": \"#333\", \"width\": 2, \"labels\": false, \"show\": false}, \"verticalSplit\": false, \"percentageMode\": false, \"type\": \"simple\", \"gaugeColorMode\": \"None\"}, \"type\": \"gauge\"}, \"aggs\": [{\"params\": {\"field\": \"source.port\", \"customLabel\": \"Source Ports\"}, \"type\": \"cardinality\", \"enabled\": true, \"id\": \"1\", \"schema\": \"metric\"}], \"title\": \"Source Port Count [Filebeat Netflow]\"}"
            }, 
            "id": "ddd27657-c3c8-4f82-8059-6d7763dd599b", 
            "migrationVersion": {
                "visualization": "7.2.0"
            }, 
            "references": [
                {
                    "id": "filebeat-*", 
                    "name": "kibanaSavedObjectMeta.searchSourceJSON.index", 
                    "type": "index-pattern"
                }
            ], 
            "type": "visualization", 
            "updated_at": "2019-07-11T04:44:38.685Z", 
            "version": "WzM0ODksMV0="
        }, 
        {
            "attributes": {
                "description": "", 
                "kibanaSavedObjectMeta": {
                    "searchSourceJSON": "{\"filter\": [], \"query\": {\"query_string\": {\"query\": \"*\"}}}"
                }, 
                "title": "Autonomous Systems (packets) [Filebeat Netflow]", 
                "uiStateJSON": "{}", 
                "version": 1, 
                "visState": "{\"type\": \"timelion\", \"listeners\": {}, \"params\": {\"interval\": \"auto\", \"expression\": \".es(index=\\\"filebeat-*\\\", metric=\\\"sum:network.packets\\\", split=\\\"destination.as.organization.name:10\\\", kibana=true).scale_interval(1s).fit(mode=scale).if(operator=\\\"lt\\\", if=0, then=0).trim(start=2,end=1).label(regex=\\\"^.* destination.as.organization.name:(.+) > .*$\\\", label=\\\"$1\\\").lines(width=1, stack=true, fill=1).yaxis(label=\\\"packets / sec\\\", min=0)\"}, \"aggs\": [], \"title\": \"Autonomous Systems (packets) [Filebeat Netflow]\"}"
            }, 
            "id": "30cd1009-2925-4c9b-820d-d689f5d1efda", 
            "migrationVersion": {
                "visualization": "7.2.0"
            }, 
            "references": [], 
            "type": "visualization", 
            "updated_at": "2019-07-11T04:44:38.685Z", 
            "version": "WzM0OTAsMV0="
        }, 
        {
            "attributes": {
                "description": "", 
                "kibanaSavedObjectMeta": {
                    "searchSourceJSON": "{\"filter\": [], \"query\": {\"query_string\": {\"query\": \"*\"}}}"
                }, 
                "title": "Cities (packets) [Filebeat Netflow]", 
                "uiStateJSON": "{}", 
                "version": 1, 
                "visState": "{\"type\": \"timelion\", \"listeners\": {}, \"params\": {\"interval\": \"auto\", \"expression\": \".es(index=\\\"filebeat-*\\\", metric=\\\"sum:network.packets\\\", split=\\\"destination.geo.city_name:10\\\", kibana=true).scale_interval(1s).fit(mode=scale).if(operator=\\\"lt\\\", if=0, then=0).trim(start=2,end=1).label(regex=\\\"^.* destination.geo.city_name:(.+) > .*$\\\", label=\\\"$1\\\").lines(width=1, stack=true, fill=1).yaxis(label=\\\"packets / sec\\\", min=0)\"}, \"aggs\": [], \"title\": \"Cities (packets) [Filebeat Netflow]\"}"
            }, 
            "id": "7d447b22-89dc-4f32-b549-4b8620af4d76", 
            "migrationVersion": {
                "visualization": "7.2.0"
            }, 
            "references": [], 
            "type": "visualization", 
            "updated_at": "2019-07-11T04:44:38.685Z", 
            "version": "WzM0OTEsMV0="
        }, 
        {
            "attributes": {
                "description": "", 
                "kibanaSavedObjectMeta": {
                    "searchSourceJSON": "{\"filter\": [], \"query\": {\"query_string\": {\"query\": \"*\"}}}"
                }, 
                "title": "Countries (packets) [Filebeat Netflow]", 
                "uiStateJSON": "{}", 
                "version": 1, 
                "visState": "{\"type\": \"timelion\", \"listeners\": {}, \"params\": {\"interval\": \"auto\", \"expression\": \".es(index=\\\"filebeat-*\\\", metric=\\\"sum:network.packets\\\", split=\\\"destination.geo.country_name:10\\\", kibana=true).scale_interval(1s).fit(mode=scale).if(operator=\\\"lt\\\", if=0, then=0).trim(start=2,end=1).label(regex=\\\"^.* destination.geo.country_name:(.+) > .*$\\\", label=\\\"$1\\\").lines(width=1, stack=true, fill=1).yaxis(label=\\\"packets / sec\\\", min=0)\"}, \"aggs\": [], \"title\": \"Countries (packets) [Filebeat Netflow]\"}"
            }, 
            "id": "d41a9663-e5ad-47a7-955e-3803ae4e23c0", 
            "migrationVersion": {
                "visualization": "7.2.0"
            }, 
            "references": [], 
            "type": "visualization", 
            "updated_at": "2019-07-11T04:44:38.685Z", 
            "version": "WzM0OTIsMV0="
        }, 
        {
            "attributes": {
                "description": "", 
                "kibanaSavedObjectMeta": {
                    "searchSourceJSON": "{\"filter\": [], \"query\": {\"query_string\": {\"query\": \"*\"}}}"
                }, 
                "title": "Destination Ports (packets) [Filebeat Netflow]", 
                "uiStateJSON": "{}", 
                "version": 1, 
                "visState": "{\"type\": \"timelion\", \"listeners\": {}, \"params\": {\"interval\": \"auto\", \"expression\": \".es(index=\\\"filebeat-*\\\", metric=\\\"sum:network.packets\\\", split=\\\"destination.port:10\\\", kibana=true).scale_interval(1s).fit(mode=scale).if(operator=\\\"lt\\\", if=0, then=0).trim(start=2,end=1).label(regex=\\\"^.* destination.port:(.+) > .*$\\\", label=\\\"$1\\\").lines(width=1, stack=true, fill=1).yaxis(label=\\\"packets / sec\\\", min=0)\"}, \"aggs\": [], \"title\": \"Destination Ports (packets) [Filebeat Netflow]\"}"
            }, 
            "id": "3a4209e2-281c-467e-b5cb-315bf4a2661f", 
            "migrationVersion": {
                "visualization": "7.2.0"
            }, 
            "references": [], 
            "type": "visualization", 
            "updated_at": "2019-07-11T04:44:38.685Z", 
            "version": "WzM0OTMsMV0="
        }, 
        {
            "attributes": {
                "description": "", 
                "kibanaSavedObjectMeta": {
                    "searchSourceJSON": "{\"filter\": [], \"query\": {\"query_string\": {\"query\": \"*\"}}}"
                }, 
                "title": "Source Ports (packets) [Filebeat Netflow]", 
                "uiStateJSON": "{}", 
                "version": 1, 
                "visState": "{\"type\": \"timelion\", \"listeners\": {}, \"params\": {\"interval\": \"auto\", \"expression\": \".es(index=\\\"filebeat-*\\\", metric=\\\"sum:network.packets\\\", split=\\\"source.port:10\\\", kibana=true).scale_interval(1s).fit(mode=scale).if(operator=\\\"lt\\\", if=0, then=0).trim(start=2,end=1).label(regex=\\\"^.* source.port:(.+) > .*$\\\", label=\\\"$1\\\").lines(width=1, stack=true, fill=1).yaxis(label=\\\"packets / sec\\\", min=0)\"}, \"aggs\": [], \"title\": \"Source Ports (packets) [Filebeat Netflow]\"}"
            }, 
            "id": "201d7dd1-a880-4a64-b631-db5629340db9", 
            "migrationVersion": {
                "visualization": "7.2.0"
            }, 
            "references": [], 
            "type": "visualization", 
            "updated_at": "2019-07-11T04:44:38.685Z", 
            "version": "WzM0OTQsMV0="
        }, 
        {
            "attributes": {
                "description": "", 
                "kibanaSavedObjectMeta": {
                    "searchSourceJSON": "{\"filter\": [], \"query\": {\"query_string\": {\"query\": \"*\"}}}"
                }, 
                "title": "TCP Flags (packets) [Filebeat Netflow]", 
                "uiStateJSON": "{}", 
                "version": 1, 
                "visState": "{\"type\": \"timelion\", \"listeners\": {}, \"params\": {\"interval\": \"auto\", \"expression\": \".es(index=\\\"filebeat-*\\\", metric=\\\"sum:network.packets\\\", split=\\\"netflow.tcp_control_bits:10\\\", kibana=true).scale_interval(1s).fit(mode=scale).if(operator=\\\"lt\\\", if=0, then=0).trim(start=2,end=1).label(regex=\\\"^.* netflow.tcp_control_bits:(.+) > .*$\\\", label=\\\"$1\\\").lines(width=1, stack=true, fill=1).yaxis(label=\\\"packets / sec\\\", min=0)\"}, \"aggs\": [], \"title\": \"TCP Flags (packets) [Filebeat Netflow]\"}"
            }, 
            "id": "8f83cf97-4a48-421f-8db5-690297d1f4fb", 
            "migrationVersion": {
                "visualization": "7.2.0"
            }, 
            "references": [], 
            "type": "visualization", 
            "updated_at": "2019-07-11T04:44:38.685Z", 
            "version": "WzM0OTUsMV0="
        }, 
        {
            "attributes": {
                "description": "", 
                "kibanaSavedObjectMeta": {
                    "searchSourceJSON": "{\"filter\": [], \"query\": {\"query_string\": {\"query\": \"*\"}}}"
                }, 
                "title": "Types of Service (packets) [Filebeat Netflow]", 
                "uiStateJSON": "{}", 
                "version": 1, 
                "visState": "{\"type\": \"timelion\", \"listeners\": {}, \"params\": {\"interval\": \"auto\", \"expression\": \".es(index=\\\"filebeat-*\\\", metric=\\\"sum:network.packets\\\", split=\\\"netflow.ip_class_of_service:10\\\", kibana=true).scale_interval(1s).fit(mode=scale).if(operator=\\\"lt\\\", if=0, then=0).trim(start=2,end=1).label(regex=\\\"^.* netflow.ip_class_of_service:(.+) > .*$\\\", label=\\\"$1\\\").lines(width=1, stack=true, fill=1).yaxis(label=\\\"packets / sec\\\", min=0)\"}, \"aggs\": [], \"title\": \"Types of Service (packets) [Filebeat Netflow]\"}"
            }, 
            "id": "a1704d46-15fc-41c2-851d-796ceb49877f", 
            "migrationVersion": {
                "visualization": "7.2.0"
            }, 
            "references": [], 
            "type": "visualization", 
            "updated_at": "2019-07-11T04:44:38.685Z", 
            "version": "WzM0OTYsMV0="
        }, 
        {
            "attributes": {
                "description": "", 
                "kibanaSavedObjectMeta": {
                    "searchSourceJSON": "{\"filter\": [], \"query\": {\"query_string\": {\"query\": \"*\"}}}"
                }, 
                "title": "VLANs (packets) [Filebeat Netflow]", 
                "uiStateJSON": "{}", 
                "version": 1, 
                "visState": "{\"type\": \"timelion\", \"listeners\": {}, \"params\": {\"interval\": \"auto\", \"expression\": \".es(index=\\\"filebeat-*\\\", metric=\\\"sum:network.packets\\\", split=\\\"netflow.vlan_id:10\\\", kibana=true).scale_interval(1s).fit(mode=scale).if(operator=\\\"lt\\\", if=0, then=0).trim(start=2,end=1).label(regex=\\\"^.* netflow.vlan_id:(.+) > .*$\\\", label=\\\"$1\\\").lines(width=1, stack=true, fill=1).yaxis(label=\\\"packets / sec\\\", min=0)\"}, \"aggs\": [], \"title\": \"VLANs (packets) [Filebeat Netflow]\"}"
            }, 
            "id": "15e2a267-2495-4df2-a121-abe410d2f18c", 
            "migrationVersion": {
                "visualization": "7.2.0"
            }, 
            "references": [], 
            "type": "visualization", 
            "updated_at": "2019-07-11T04:44:38.685Z", 
            "version": "WzM0OTcsMV0="
        }, 
        {
            "attributes": {
                "description": "", 
                "kibanaSavedObjectMeta": {
                    "searchSourceJSON": "{\"filter\": [], \"query\": {\"query_string\": {\"analyze_wildcard\": true, \"query\": \"*\"}}, \"indexRefName\": \"kibanaSavedObjectMeta.searchSourceJSON.index\"}"
                }, 
                "title": "ToS Count [Filebeat Netflow]", 
                "uiStateJSON": "{\"vis\": {\"defaultColors\": {\"0 - 100\": \"rgb(0,104,55)\"}}}", 
                "version": 1, 
                "visState": "{\"type\": \"metric\", \"listeners\": {}, \"params\": {\"addTooltip\": true, \"addLegend\": false, \"fontSize\": \"32\", \"handleNoResults\": true, \"gauge\": {\"useRange\": false, \"gaugeType\": \"Metric\", \"style\": {\"bgFill\": \"#000\", \"bgColor\": false, \"fontSize\": \"36\", \"subText\": \"\", \"labelColor\": false}, \"colorSchema\": \"Green to Red\", \"invertColors\": false, \"orientation\": \"vertical\", \"gaugeStyle\": \"Full\", \"autoExtend\": false, \"labels\": {\"color\": \"black\", \"show\": true}, \"backStyle\": \"Full\", \"colorsRange\": [{\"to\": 100, \"from\": 0}], \"scale\": {\"color\": \"#333\", \"width\": 2, \"labels\": false, \"show\": false}, \"verticalSplit\": false, \"percentageMode\": false, \"type\": \"simple\", \"gaugeColorMode\": \"None\"}, \"type\": \"gauge\"}, \"aggs\": [{\"params\": {\"field\": \"netflow.ip_class_of_service\", \"customLabel\": \"Types of Service\"}, \"type\": \"cardinality\", \"enabled\": true, \"id\": \"1\", \"schema\": \"metric\"}], \"title\": \"ToS Count [Filebeat Netflow]\"}"
            }, 
            "id": "f27c1479-0625-4cdc-92de-672e47db0f87", 
            "migrationVersion": {
                "visualization": "7.2.0"
            }, 
            "references": [
                {
                    "id": "filebeat-*", 
                    "name": "kibanaSavedObjectMeta.searchSourceJSON.index", 
                    "type": "index-pattern"
                }
            ], 
            "type": "visualization", 
            "updated_at": "2019-07-11T04:44:38.685Z", 
            "version": "WzM0OTgsMV0="
        }, 
        {
            "attributes": {
                "description": "", 
                "kibanaSavedObjectMeta": {
                    "searchSourceJSON": "{\"filter\": [], \"query\": {\"query_string\": {\"analyze_wildcard\": true, \"query\": \"*\"}}, \"indexRefName\": \"kibanaSavedObjectMeta.searchSourceJSON.index\"}"
                }, 
                "title": "VLAN Count [Filebeat Netflow]", 
                "uiStateJSON": "{\"vis\": {\"defaultColors\": {\"0 - 100\": \"rgb(0,104,55)\"}}}", 
                "version": 1, 
                "visState": "{\"type\": \"metric\", \"listeners\": {}, \"params\": {\"addTooltip\": true, \"addLegend\": false, \"fontSize\": \"32\", \"handleNoResults\": true, \"gauge\": {\"useRange\": false, \"gaugeType\": \"Metric\", \"style\": {\"bgFill\": \"#000\", \"bgColor\": false, \"fontSize\": \"36\", \"subText\": \"\", \"labelColor\": false}, \"colorSchema\": \"Green to Red\", \"invertColors\": false, \"orientation\": \"vertical\", \"gaugeStyle\": \"Full\", \"autoExtend\": false, \"labels\": {\"color\": \"black\", \"show\": true}, \"backStyle\": \"Full\", \"colorsRange\": [{\"to\": 100, \"from\": 0}], \"scale\": {\"color\": \"#333\", \"width\": 2, \"labels\": false, \"show\": false}, \"verticalSplit\": false, \"percentageMode\": false, \"type\": \"simple\", \"gaugeColorMode\": \"None\"}, \"type\": \"gauge\"}, \"aggs\": [{\"params\": {\"field\": \"netflow.vlan_id\", \"customLabel\": \"VLANs\"}, \"type\": \"cardinality\", \"enabled\": true, \"id\": \"1\", \"schema\": \"metric\"}], \"title\": \"VLAN Count [Filebeat Netflow]\"}"
            }, 
            "id": "0177bf1a-cba8-4ba6-a1d7-73caed86ffc2", 
            "migrationVersion": {
                "visualization": "7.2.0"
            }, 
            "references": [
                {
                    "id": "filebeat-*", 
                    "name": "kibanaSavedObjectMeta.searchSourceJSON.index", 
                    "type": "index-pattern"
                }
            ], 
            "type": "visualization", 
            "updated_at": "2019-07-11T04:44:38.685Z", 
            "version": "WzM0OTksMV0="
        }, 
        {
            "attributes": {
                "description": "", 
                "kibanaSavedObjectMeta": {
                    "searchSourceJSON": "{\"filter\": [], \"query\": {\"query_string\": {\"analyze_wildcard\": true, \"query\": \"*\"}}, \"indexRefName\": \"kibanaSavedObjectMeta.searchSourceJSON.index\"}"
                }, 
                "title": "Autonomous System Count [Filebeat Netflow]", 
                "uiStateJSON": "{\"vis\": {\"defaultColors\": {\"0 - 100\": \"rgb(0,104,55)\"}}}", 
                "version": 1, 
                "visState": "{\"type\": \"metric\", \"listeners\": {}, \"params\": {\"addTooltip\": true, \"addLegend\": false, \"fontSize\": \"32\", \"handleNoResults\": true, \"gauge\": {\"useRange\": false, \"gaugeType\": \"Metric\", \"style\": {\"bgFill\": \"#000\", \"bgColor\": false, \"fontSize\": \"36\", \"subText\": \"\", \"labelColor\": false}, \"colorSchema\": \"Green to Red\", \"invertColors\": false, \"orientation\": \"vertical\", \"gaugeStyle\": \"Full\", \"autoExtend\": false, \"labels\": {\"color\": \"black\", \"show\": true}, \"backStyle\": \"Full\", \"colorsRange\": [{\"to\": 100, \"from\": 0}], \"scale\": {\"color\": \"#333\", \"width\": 2, \"labels\": false, \"show\": false}, \"verticalSplit\": false, \"percentageMode\": false, \"type\": \"simple\", \"gaugeColorMode\": \"None\"}, \"type\": \"gauge\"}, \"aggs\": [{\"params\": {\"field\": \"destination.as.organization.name\", \"customLabel\": \"Autonomous Systems\"}, \"type\": \"cardinality\", \"enabled\": true, \"id\": \"1\", \"schema\": \"metric\"}], \"title\": \"Autonomous System Count [Filebeat Netflow]\"}"
            }, 
            "id": "d5568704-e30b-4108-bb49-06a9b8dce6a6", 
            "migrationVersion": {
                "visualization": "7.2.0"
            }, 
            "references": [
                {
                    "id": "filebeat-*", 
                    "name": "kibanaSavedObjectMeta.searchSourceJSON.index", 
                    "type": "index-pattern"
                }
            ], 
            "type": "visualization", 
            "updated_at": "2019-07-11T04:44:38.685Z", 
            "version": "WzM1MDAsMV0="
        }, 
        {
            "attributes": {
                "description": "", 
                "kibanaSavedObjectMeta": {
                    "searchSourceJSON": "{\"filter\": [], \"query\": {\"query_string\": {\"analyze_wildcard\": true, \"query\": \"*\"}}, \"indexRefName\": \"kibanaSavedObjectMeta.searchSourceJSON.index\"}"
                }, 
                "title": "City Count [Filebeat Netflow]", 
                "uiStateJSON": "{\"vis\": {\"defaultColors\": {\"0 - 100\": \"rgb(0,104,55)\"}}}", 
                "version": 1, 
                "visState": "{\"type\": \"metric\", \"listeners\": {}, \"params\": {\"addTooltip\": true, \"addLegend\": false, \"fontSize\": \"32\", \"handleNoResults\": true, \"gauge\": {\"useRange\": false, \"gaugeType\": \"Metric\", \"style\": {\"bgFill\": \"#000\", \"bgColor\": false, \"fontSize\": \"36\", \"subText\": \"\", \"labelColor\": false}, \"colorSchema\": \"Green to Red\", \"invertColors\": false, \"orientation\": \"vertical\", \"gaugeStyle\": \"Full\", \"autoExtend\": false, \"labels\": {\"color\": \"black\", \"show\": true}, \"backStyle\": \"Full\", \"colorsRange\": [{\"to\": 100, \"from\": 0}], \"scale\": {\"color\": \"#333\", \"width\": 2, \"labels\": false, \"show\": false}, \"verticalSplit\": false, \"percentageMode\": false, \"type\": \"simple\", \"gaugeColorMode\": \"None\"}, \"type\": \"gauge\"}, \"aggs\": [{\"params\": {\"field\": \"destination.geo.city_name\", \"customLabel\": \"Cities\"}, \"type\": \"cardinality\", \"enabled\": true, \"id\": \"1\", \"schema\": \"metric\"}], \"title\": \"City Count [Filebeat Netflow]\"}"
            }, 
            "id": "16262df9-a979-4136-935e-d883c7d373d7", 
            "migrationVersion": {
                "visualization": "7.2.0"
            }, 
            "references": [
                {
                    "id": "filebeat-*", 
                    "name": "kibanaSavedObjectMeta.searchSourceJSON.index", 
                    "type": "index-pattern"
                }
            ], 
            "type": "visualization", 
            "updated_at": "2019-07-11T04:44:38.685Z", 
            "version": "WzM1MDEsMV0="
        }, 
        {
            "attributes": {
                "description": "", 
                "kibanaSavedObjectMeta": {
                    "searchSourceJSON": "{\"filter\": [], \"query\": {\"query_string\": {\"analyze_wildcard\": true, \"query\": \"*\"}}, \"indexRefName\": \"kibanaSavedObjectMeta.searchSourceJSON.index\"}"
                }, 
                "title": "Country Count [Filebeat Netflow]", 
                "uiStateJSON": "{\"vis\": {\"defaultColors\": {\"0 - 100\": \"rgb(0,104,55)\"}}}", 
                "version": 1, 
                "visState": "{\"type\": \"metric\", \"listeners\": {}, \"params\": {\"addTooltip\": true, \"addLegend\": false, \"fontSize\": \"32\", \"handleNoResults\": true, \"gauge\": {\"useRange\": false, \"gaugeType\": \"Metric\", \"style\": {\"bgFill\": \"#000\", \"bgColor\": false, \"fontSize\": \"36\", \"subText\": \"\", \"labelColor\": false}, \"colorSchema\": \"Green to Red\", \"invertColors\": false, \"orientation\": \"vertical\", \"gaugeStyle\": \"Full\", \"autoExtend\": false, \"labels\": {\"color\": \"black\", \"show\": true}, \"backStyle\": \"Full\", \"colorsRange\": [{\"to\": 100, \"from\": 0}], \"scale\": {\"color\": \"#333\", \"width\": 2, \"labels\": false, \"show\": false}, \"verticalSplit\": false, \"percentageMode\": false, \"type\": \"simple\", \"gaugeColorMode\": \"None\"}, \"type\": \"gauge\"}, \"aggs\": [{\"params\": {\"field\": \"destination.geo.country_name\", \"customLabel\": \"Countries\"}, \"type\": \"cardinality\", \"enabled\": true, \"id\": \"1\", \"schema\": \"metric\"}], \"title\": \"Country Count [Filebeat Netflow]\"}"
            }, 
            "id": "63ef5338-fdf2-488e-b78a-f0e98daccc95", 
            "migrationVersion": {
                "visualization": "7.2.0"
            }, 
            "references": [
                {
                    "id": "filebeat-*", 
                    "name": "kibanaSavedObjectMeta.searchSourceJSON.index", 
                    "type": "index-pattern"
                }
            ], 
            "type": "visualization", 
            "updated_at": "2019-07-11T04:44:38.685Z", 
            "version": "WzM1MDIsMV0="
        }, 
        {
            "attributes": {
                "description": "", 
                "kibanaSavedObjectMeta": {
                    "searchSourceJSON": "{\"filter\": [], \"query\": {\"query_string\": {\"analyze_wildcard\": true, \"query\": \"*\"}}, \"indexRefName\": \"kibanaSavedObjectMeta.searchSourceJSON.index\"}"
                }, 
                "title": "TCP Flags Count [Filebeat Netflow]", 
                "uiStateJSON": "{\"vis\": {\"defaultColors\": {\"0 - 100\": \"rgb(0,104,55)\"}}}", 
                "version": 1, 
                "visState": "{\"type\": \"metric\", \"listeners\": {}, \"params\": {\"addTooltip\": true, \"addLegend\": false, \"fontSize\": \"32\", \"handleNoResults\": true, \"gauge\": {\"useRange\": false, \"gaugeType\": \"Metric\", \"style\": {\"bgFill\": \"#000\", \"bgColor\": false, \"fontSize\": \"36\", \"subText\": \"\", \"labelColor\": false}, \"colorSchema\": \"Green to Red\", \"invertColors\": false, \"orientation\": \"vertical\", \"gaugeStyle\": \"Full\", \"autoExtend\": false, \"labels\": {\"color\": \"black\", \"show\": true}, \"backStyle\": \"Full\", \"colorsRange\": [{\"to\": 100, \"from\": 0}], \"scale\": {\"color\": \"#333\", \"width\": 2, \"labels\": false, \"show\": false}, \"verticalSplit\": false, \"percentageMode\": false, \"type\": \"simple\", \"gaugeColorMode\": \"None\"}, \"type\": \"gauge\"}, \"aggs\": [{\"params\": {\"field\": \"netflow.tcp_control_bits\", \"customLabel\": \"TCP Flag States\"}, \"type\": \"cardinality\", \"enabled\": true, \"id\": \"1\", \"schema\": \"metric\"}], \"title\": \"TCP Flags Count [Filebeat Netflow]\"}"
            }, 
            "id": "2dca3025-692c-4876-8bcc-e0b248dc9819", 
            "migrationVersion": {
                "visualization": "7.2.0"
            }, 
            "references": [
                {
                    "id": "filebeat-*", 
                    "name": "kibanaSavedObjectMeta.searchSourceJSON.index", 
                    "type": "index-pattern"
                }
            ], 
            "type": "visualization", 
            "updated_at": "2019-07-11T04:44:38.685Z", 
            "version": "WzM1MDMsMV0="
        }
    ], 
    "version": "7.2.0"
}